<?xml version="1.0" encoding="UTF-8"?>
<Configuration status="OFF">
    <Properties>
        <Property name="APP_NAME">default</Property>
    </Properties>

    <Appenders>
        <Console name="CONSOLE" target="SYSTEM_OUT">
            <PatternLayout pattern="[%date{yyyy-MM-dd HH:mm:ss}][%level] %message%n" />
        </Console>

        <Routing name="ROUTING_FILE">
            <Routes pattern="$${ctx:APP_NAME}.$${date:yyyyMMdd}">
                <Route>
                    <File name="FILE" append="true" fileName="/letv/server/logs/css_bpo_job/${ctx:APP_NAME}/${date:yyyy-MM-dd}.log">
                        <patternLayout charset="UTF-8" pattern="[%date{yyyy-MM-dd HH:mm:ss}][%level] %message%n" />
                    </File>
                </Route>
            </Routes>
        </Routing>

        <File name="FILE_SECURITY" fileName="/letv/server/logs/css_bpo_job-security.log">
            <PatternLayout pattern="%date{yyyy-MM-dd HH:mm:ss}||%-5level||%logger||css_bpo_job||${sys:logLocalIP}||%mdc{logRemoteIP}||%message" />
        </File>

        <File name="FILE_SECURITY_KAFKA_ERROR" fileName="/letv/server/logs/css_bpo_job-security-error.log">
            <PatternLayout pattern="%date{yyyy-MM-dd HH:mm:ss}||%-5level||%logger||css_bpo_job||${sys:logLocalIP}||%mdc{logRemoteIP}||%message" />
        </File>

        <async name="ASYNC_ROUTING_FILE">
            <appenderRef ref="ROUTING_FILE" />
        </async>
    </Appenders>

    <Loggers>
        <Logger name="lesecLogger" level="INFO" additivity="false" includeLocation="true">
            <AppenderRef ref="CONSOLE" />
            <AppenderRef ref="FILE_SECURITY" />
            <!-- <AppenderRef ref="ASYN_KAFKA" /> -->
        </Logger>

        <Logger name="com.zaxxer.hikari" level="ERROR" additivity="false" includeLocation="true">
            <AppenderRef ref="CONSOLE" />
            <AppenderRef ref="ROUTING_FILE" />
        </Logger>
        <Logger name="com.lemall.brd.bpo.dao" level="ERROR" additivity="false" includeLocation="true">
            <AppenderRef ref="CONSOLE" />
            <AppenderRef ref="ROUTING_FILE" />
        </Logger>
        <logger name="com.lemall.brd" level="INFO" additivity="false">
            <appenderRef ref="CONSOLE" />
            <appenderRef ref="ROUTING_FILE" />
        </logger>
        <Root level="ERROR">
            <AppenderRef ref="CONSOLE" />
            <AppenderRef ref="ROUTING_FILE" />
        </Root>
    </Loggers>
</Configuration>