<?xml version="1.0" encoding="UTF-8"?>
<beans xmlns="http://www.springframework.org/schema/beans"
       xmlns:xsi="http://www.w3.org/2001/XMLSchema-instance" xmlns:mvc="http://www.springframework.org/schema/mvc"
       xmlns:util="http://www.springframework.org/schema/util"
       xmlns:context="http://www.springframework.org/schema/context"
       xsi:schemaLocation="
    http://www.springframework.org/schema/beans http://www.springframework.org/schema/beans/spring-beans-3.0.xsd
    http://www.springframework.org/schema/mvc http://www.springframework.org/schema/mvc/spring-mvc-3.0.xsd
    http://www.springframework.org/schema/util http://www.springframework.org/schema/util/spring-util-3.0.xsd
    http://www.springframework.org/schema/context http://www.springframework.org/schema/context/spring-context-3.0.xsd
    ">
    <!-- spring mvc related -->

    <!-- JSR-303 support will be detected on classpath and enabled automatically -->
    <mvc:annotation-driven conversion-service="conversionService"/>

    <mvc:default-servlet-handler/>

    <!-- static resources -->
    <mvc:resources location="/static/" mapping="/static/**"
                   cache-period="864000"/>
    <!-- 24 * 3600 * 10 -->

    <bean id="portalWeb" class="com.letv.css.portal.util.web.PortalWeb">
        <property name="siteFlag" value="${portal.site.flag}" />
        <property name="webDomain" value="${my.web.domain}" />
        <property name="useLdap" value="false" />
        <property name="cookieNames" value="${portal.cookie.names}" />
        <property name="cookieDomain" value="${portal.cookie.domain}" />
    </bean>

    <!-- template view -->
    <bean id="velocityConfig"
          class="org.springframework.web.servlet.view.velocity.VelocityConfigurer">
        <property name="resourceLoaderPath" value="/WEB-INF/views/"/>
        <property name="velocityProperties">
            <props>
                <prop key="input.encoding">UTF-8</prop>
                <prop key="output.encoding">UTF-8</prop>
                <prop key="contentType">text/html;charset=UTF-8</prop>
                <prop key="velocimacro.library">macro.vm</prop>
            </props>
        </property>
    </bean>

    <bean id="velocityViewResolver"
          class="org.springframework.web.servlet.view.velocity.VelocityLayoutViewResolver">
        <property name="layoutUrl" value="layout/default.vm"/>
        <property name="cache" value="false"/>
        <property name="suffix" value=".vm"/>
        <property name="exposeSpringMacroHelpers" value="true"/>
        <property name="dateToolAttribute" value="dateTool"/>
        <property name="numberToolAttribute" value="numberTool"/>
        <property name="contentType" value="text/html;charset=UTF-8"/>
    </bean>

    <bean
            class="org.springframework.web.servlet.mvc.annotation.AnnotationMethodHandlerAdapter">
        <property name="messageConverters">
            <list>
                <bean
                        class="org.springframework.http.converter.StringHttpMessageConverter">
                    <property name="supportedMediaTypes">
                        <list>
                            <value>text/html;charset=UTF-8</value>
                        </list>
                    </property>
                </bean>
            </list>
        </property>
    </bean>

    <bean
            class="org.springframework.web.servlet.view.ContentNegotiatingViewResolver">
        <property name="defaultContentType" value="text/html"/>
        <!-- not by accept header -->
        <property name="ignoreAcceptHeader" value="true"/>
        <property name="mediaTypes">
            <map>
                <entry key="json" value="application/json"/>
            </map>
        </property>
        <property name="viewResolvers">
            <list>
                <ref bean="velocityViewResolver"/>
            </list>
        </property>
        <property name="defaultViews">
            <list>
                <!-- <ref bean="velocityViewResolver"/> -->
            </list>
        </property>
    </bean>

    <!-- file upload related -->
    <bean id="multipartResolver"
          class="org.springframework.web.multipart.commons.CommonsMultipartResolver">
        <property name="defaultEncoding" value="UTF-8"/>
        <property name="maxUploadSize" value="5000000"/>
    </bean>

    <!-- Access resource bundles with the specified basename -->
    <!--<bean id="messageSource" class="org.springframework.context.support.ReloadableResourceBundleMessageSource">
        <property name="basenames" value="/WEB-INF/i18n/content,/WEB-INF/i18n/validation,/WEB-INF/i18n/asset,/WEB-INF/i18n/enum"
        /> <property name="cacheSeconds" value="5" /> <property name="defaultEncoding"
        value="UTF-8" /> </bean> --><!-- all exception handler will be registered by DispatcherServlet default
		(detectAllHandlerExceptionResolvers=true) -->

    <!-- <bean class="org.springframework.web.servlet.handler.SimpleMappingExceptionResolver">
        <property name="defaultErrorView" value="error/uncaught" /> <property name="exceptionMappings">
        <props> <prop key="com.letv.portal.web.AuthorizationException">redirect:/login</prop>
        </props> </property> </bean> -->


    <bean id="conversionService"
          class="org.springframework.format.support.FormattingConversionServiceFactoryBean">
        <property name="formatterRegistrars">
            <bean
                    class="com.letv.common.web.springmvc.converter.DefaultFormatterRegistrar"/>
        </property>
    </bean>

    <context:property-placeholder location="classpath*:conf/app.properties" ignore-unresolvable="true"/>
    <bean id="messageSource"
          class="org.springframework.context.support.ReloadableResourceBundleMessageSource">
        <property name="basenames">
            <list>
                <value>classpath:/i18n/messages</value>
            </list>
        </property>
        <property name="useCodeAsDefaultMessage" value="false"/>
        <property name="defaultEncoding" value="UTF-8"/>
        <property name="cacheSeconds" value="3"/>
    </bean>
    <bean id="localeResolver"
          class="org.springframework.web.servlet.i18n.SessionLocaleResolver">
        <property name="defaultLocale" value="${language.default.locale}"/>
    </bean>

    <context:component-scan base-package="com.letv.css.portal.controller"/>

    <mvc:interceptors>
        <bean class="org.springframework.web.servlet.i18n.LocaleChangeInterceptor"/>
        <bean class="com.letv.css.web.common.interceptor.LanguageInterceptor"/>
    </mvc:interceptors>
    <!--<import resource="classpath*:spring/spring-config-authen.xml" />-->
    <import resource="spring-config-authen.xml"/>
</beans>
