<?xml version="1.0" encoding="UTF-8"?>
<beans xmlns="http://www.springframework.org/schema/beans"
       xmlns:xsi="http://www.w3.org/2001/XMLSchema-instance"
       xmlns:mvc="http://www.springframework.org/schema/mvc"
       xmlns:context="http://www.springframework.org/schema/context"
       xsi:schemaLocation="http://www.springframework.org/schema/beans http://www.springframework.org/schema/beans/spring-beans-3.0.xsd
			http://www.springframework.org/schema/mvc http://www.springframework.org/schema/mvc/spring-mvc-3.0.xsd
			http://www.springframework.org/schema/context http://www.springframework.org/schema/context/spring-context-3.0.xsd"
       default-autowire="byName">

    <context:property-placeholder location="classpath*:conf/authen.properties" ignore-unresolvable="true"/>
    <bean id="tokenManager" class="com.letv.css.web.common.authen.CacheTokenManagerImpl">
        <property name="loginUrl" value="${web.domain.url}/login"/>
        <!--<property name="cookieDomain" value=""/>-->
        <!--<property name="tokenKey" value="123456"/>-->
        <!--<property name="tokenHeaderName" value="token"/>-->
        <property name="passwordSalt" value="aj^*~1s943##^%*^"/>
    </bean>
    <!--<bean id="tokenManager" class="com.letv.css.web.common.authenokenManagerImpl"/>-->
    <!--<property name="loginUrl" value="${web.domain.url}/login"/>-->
    <!--&lt;!&ndash;<property name="cookieDomain" value=""/>&ndash;&gt;-->
    <!--<property name="passwordSalt" value="aj^*~1s943##^%*^"/>-->
    <!--</bean>-->
    <bean id="lekvClient" class="com.letv.lekv.cli.ReloadableLekvClientFactoryBean">
        <property name="lekvURL" value="lekv://2752275329587704247/5"/>
    </bean>
    <mvc:interceptors>
        <mvc:interceptor>
            <mvc:mapping path="/**"/>
            <bean class="com.letv.css.web.common.interceptor.ExcludeInterceptor">
                <property name="excludePaths" value="${exclude.path}"/>
            </bean>
        </mvc:interceptor>
        <mvc:interceptor>
            <mvc:mapping path="/**"/>
            <bean class="com.letv.css.web.common.interceptor.UserTokenInterceptor"/>
        </mvc:interceptor>
        <mvc:interceptor>
            <mvc:mapping path="/**"/>
            <bean class="com.letv.css.web.common.interceptor.AuthenticationInterceptor">
                <property name="loginRequireAction">
                    <bean class="com.letv.css.portal.tools.LoginRequireActionByRedirect"/>
                </property>
            </bean>
        </mvc:interceptor>
        <mvc:interceptor>
            <mvc:mapping path="/**"/>
            <bean class="com.letv.css.web.common.interceptor.AuthorizationInterceptor"/>
        </mvc:interceptor>
    </mvc:interceptors>
</beans>