<?xml version="1.0" encoding="UTF-8"?>
<Configuration status="INFO">
    <Appenders>
        <Console name="CONSOLE" target="SYSTEM_OUT">
            <PatternLayout pattern="%d{yyyy-MM-dd HH:mm:ss} [%-5p] %c#%M:%L - %m [%7t][%7r]%n" />
        </Console>
        <RollingFile name="FILE" fileName="${profile.log.root.path}/${profile.log.name.web}/${profile.log.name.web}.log"
            filePattern="${profile.log.root.path}/${profile.log.name.web}/${profile.log.name.web}-%d{yyyy-MM-dd}-%i.log">
            <PatternLayout pattern="%d{yyyy-MM-dd HH:mm:ss} [%-5p] %c#%M:%L - %m [%7t][%7r]%n" />
            <Policies>
				<TimeBasedTriggeringPolicy />
				<SizeBasedTriggeringPolicy size="${profile.log.maxfilesize}" />
			</Policies>
	    	<DefaultRolloverStrategy max="100" />
        </RollingFile>
        <Perf4jAppender name="perf4jStatistics" TimeSlice="1800000" fileName="${profile.log.root.path}/${profile.log.name.web}/perfStats.log">
			<PatternLayout pattern="%m%n" />
		</Perf4jAppender>
    </Appenders>

    <!-- mybatis INFO -->
    <!--<category name="org.apache.ibatis.io" additivity="true">
        <priority value="INFO" />
        <appender-ref ref="CONSOLE" />
    </category>

    <category name="java.sql" additivity="true">
        <priority value="DEBUG" />
        <appender-ref ref="CONSOLE" />
    </category>

    <category name="com.ibatis" additivity="true">
        <priority value="DEBUG" />
        <appender-ref ref="CONSOLE" />
    </category>

    <category name="org.apache.ibatis" additivity="true">
        <priority value="INFO" />
        <appender-ref ref="CONSOLE" />
    </category>-->

    <Loggers>
        <Root level="${profile.log.root.level}">
            <AppenderRef ref="CONSOLE" />
            <AppenderRef ref="FILE" />
            <AppenderRef ref="perf4jStatistics" />
        </Root>
    </Loggers>
</Configuration>