<?xml version="1.0" encoding="UTF-8"?>
<beans xmlns="http://www.springframework.org/schema/beans"
	xmlns:xsi="http://www.w3.org/2001/XMLSchema-instance" xmlns:p="http://www.springframework.org/schema/p"
	xmlns:context="http://www.springframework.org/schema/context"
	xmlns:aop="http://www.springframework.org/schema/aop" xmlns:tx="http://www.springframework.org/schema/tx"
	xsi:schemaLocation="http://www.springframework.org/schema/beans
            http://www.springframework.org/schema/beans/spring-beans-3.0.xsd
            http://www.springframework.org/schema/aop 
            http://www.springframework.org/schema/aop/spring-aop-3.0.xsd
            http://www.springframework.org/schema/tx 
            http://www.springframework.org/schema/tx/spring-tx-3.0.xsd
            http://www.springframework.org/schema/context 
            http://www.springframework.org/schema/context/spring-context-3.0.xsd"
	default-autowire="byName">

	<import resource="classpath*:spring/spring-config-dao.xml" />
	
	<context:component-scan base-package="com.letv.css.portal.manager" />
	
	<aop:aspectj-autoproxy proxy-target-class="true" />

	<bean id="transactionManager"
		class="org.springframework.jdbc.datasource.DataSourceTransactionManager">
		<property name="dataSource" ref="dataSource" />
	</bean>

	<tx:advice id="txAdvice" transaction-manager="transactionManager">
		<tx:attributes>
			<tx:method name="query*" propagation="REQUIRED" read-only="true" />
			<tx:method name="save*" propagation="REQUIRED" />
			<tx:method name="insert*" propagation="REQUIRED" />
			<tx:method name="batchSave*" propagation="REQUIRED" />
			<tx:method name="update*" propagation="REQUIRED" />
			<tx:method name="*" propagation="SUPPORTS" read-only="true" />
		</tx:attributes>
	</tx:advice>

	<aop:config>
		<aop:pointcut id="managers"
			expression="execution(* com.letv.css.portal.manager.impl.*.*(..)) " />
		<aop:advisor id="txAdviceAop" advice-ref="txAdvice"
			pointcut-ref="managers" />
	</aop:config>

</beans>