<?xml version="1.0" encoding="UTF-8"?>
<beans xmlns="http://www.springframework.org/schema/beans"
	xmlns:xsi="http://www.w3.org/2001/XMLSchema-instance" xmlns:context="http://www.springframework.org/schema/context"
	xmlns:aop="http://www.springframework.org/schema/aop" xmlns:tx="http://www.springframework.org/schema/tx"
	xsi:schemaLocation="http://www.springframework.org/schema/beans
	http://www.springframework.org/schema/beans/spring-beans-3.0.xsd
	http://www.springframework.org/schema/context
	http://www.springframework.org/schema/context/spring-context-3.0.xsd
	http://www.springframework.org/schema/aop
	http://www.springframework.org/schema/aop/spring-aop-3.0.xsd
	http://www.springframework.org/schema/tx
	http://www.springframework.org/schema/tx/spring-tx-3.0.xsd"
	default-autowire="byName">

	<import resource="spring-config-datasource.xml" />
	
		<!-- 数据库操作Session工厂 -->
	<bean id="sqlSessionFactory" class="org.mybatis.spring.SqlSessionFactoryBean">
		<property name="dataSource" ref="dataSource" />
		<property name="typeAliasesPackage" value="com.letv.css.portal.domain" />
		<property name="configLocation" value="classpath:mybatis-config.xml" />
		<!-- mapper和resultmap配置路径 -->
		<property name="mapperLocations">
			<list>
				<value>classpath:sqlmap/mybatis/portal/*.xml</value>
			</list>
		</property>
	</bean>

	<context:component-scan base-package="com.letv.css.portal.dao" />

</beans>