<?xml version="1.0" encoding="UTF-8"?>
<beans xmlns="http://www.springframework.org/schema/beans"
	xmlns:xsi="http://www.w3.org/2001/XMLSchema-instance" xmlns:tx="http://www.springframework.org/schema/tx"
	xmlns:aop="http://www.springframework.org/schema/aop"
	xsi:schemaLocation="
		http://www.springframework.org/schema/beans 
		http://www.springframework.org/schema/beans/spring-beans-3.0.xsd 
		http://www.springframework.org/schema/tx 
		http://www.springframework.org/schema/tx/spring-tx-3.0.xsd
		http://www.springframework.org/schema/aop 
		http://www.springframework.org/schema/aop/spring-aop-3.0.xsd" 
 default-autowire="byName">
 
	<!-- 配置数据源 -->
	<bean id="hikariConfig_cs_staff" class="com.lemall.brd.framework.util.CustomisedHikariConfig">
        <constructor-arg name="poolName" value="cs_staff"/>
        <constructor-arg name="props" ref="configProperties"/>
    </bean>
    
    <bean id="dataSource_cs_staff" class="com.zaxxer.hikari.HikariDataSource" destroy-method="close">
            <constructor-arg ref="hikariConfig_cs_staff"/>
    </bean>
	
	<!-- myBatis文件 -->
	<bean id="sqlSessionFactory_cs_staff" class="org.mybatis.spring.SqlSessionFactoryBean">
		<property name="dataSource" ref="dataSource_cs_staff" />
		<property name="configLocation" value="classpath:mybatis-config.xml" />
		<!-- 自动扫描entity目录, 省掉Configuration.xml里的手工配置 -->
		<property name="mapperLocations" value="classpath:com/lemall/brd/bpo/mapping/*.xml" />
	</bean>

	<bean class="org.mybatis.spring.mapper.MapperScannerConfigurer">
		<property name="basePackage" value="com.lemall.brd.bpo.dao" />
		<property name="sqlSessionFactoryBeanName" value="sqlSessionFactory_cs_staff" />
	</bean>
</beans>