<?xml version="1.0" encoding="UTF-8"?>
<beans xmlns="http://www.springframework.org/schema/beans"
	xmlns:aop="http://www.springframework.org/schema/aop" 
	xmlns:xsi="http://www.w3.org/2001/XMLSchema-instance"
	xmlns:context="http://www.springframework.org/schema/context"
	xsi:schemaLocation="
	   http://www.springframework.org/schema/beans
	   http://www.springframework.org/schema/beans/spring-beans-4.0.xsd
	   http://www.springframework.org/schema/context
	   http://www.springframework.org/schema/context/spring-context-4.0.xsd
	   http://www.springframework.org/schema/aop 
       http://www.springframework.org/schema/aop/spring-aop-4.0.xsd ">

	<!-- 引入属性文件 -->
	<bean id="configProperties" class="org.springframework.beans.factory.config.PropertiesFactoryBean">
		<property name="locations">
			<list>
				<value>classpath:/conf/properties/config.properties</value>
				<value>classpath:/conf/properties/job-id.properties</value>
			</list>
		</property>
	</bean>
	
	<bean id="propertyConfigurer" class="org.springframework.beans.factory.config.PreferencesPlaceholderConfigurer">
        <property name="properties" ref="configProperties" />
    </bean>
    
	<import resource="classpath:conf/spring/spring-mybatis.xml"/>


	<!-- 自动扫描(自动注入) -->
	<context:component-scan base-package="com.lemall.brd" />

	<!-- 任务拦截器 -->
	<bean id="taskAspect" class="com.lemall.brd.bpo.worker.aop.TaskAspect" />
	<!-- 任务拦截器的设置 -->
	<aop:config proxy-target-class="true">
		<aop:pointcut id="runnableInvokePoint"
			expression="execution(* com.lemall.brd.bpo.worker.*.run())" />
		<aop:aspect id="taskAspect" ref="taskAspect">
			<aop:before pointcut-ref="runnableInvokePoint" method="before" />
			<aop:after-returning pointcut-ref="runnableInvokePoint"	method="afterReturning" />
			<aop:after-throwing pointcut-ref="runnableInvokePoint"	method="afterThrowing" throwing="exception" />
		</aop:aspect>
	</aop:config>
	
</beans>