<?xml version="1.0" encoding="UTF-8"?>
<beans xmlns="http://www.springframework.org/schema/beans"
	xmlns:xsi="http://www.w3.org/2001/XMLSchema-instance"
	xsi:schemaLocation="
	   http://www.springframework.org/schema/beans 
	   http://www.springframework.org/schema/beans/spring-beans.xsd ">

	<!-- 工作流权限作业 -->
	<bean id="bPOAuthorityToWFInvoker" class="org.springframework.scheduling.quartz.MethodInvokingJobDetailFactoryBean">
		<property name="targetObject" ref="bPOAuthorityToWFWorker" />
		<property name="concurrent" value="false" />
		<property name="targetMethod" value="run" />
	</bean>
	<bean id="bPOAuthorityToWFCron" class="org.springframework.scheduling.quartz.CronTriggerFactoryBean">
		<property name="jobDetail" ref="bPOAuthorityToWFInvoker" />
		<property name="cronExpression" value="0 */1 * * * ?" /><!-- 每5分钟 -->
	</bean>

	<!-- 人员部门同步作业 -->
	<bean id="bPODEPToWFInvoker" class="org.springframework.scheduling.quartz.MethodInvokingJobDetailFactoryBean">
		<property name="targetObject" ref="bPODEPToWFWorker" />
		<property name="concurrent" value="false" />
		<property name="targetMethod" value="run" />
	</bean>
	<bean id="bPODEPToWFCron" class="org.springframework.scheduling.quartz.CronTriggerFactoryBean">
		<property name="jobDetail" ref="bPODEPToWFInvoker" />
		<property name="cronExpression" value="0 */1 * * * ?" /><!-- 每5分钟 -->
	</bean>
	<!-- 工作流新增人员作业 -->
	<bean id="bPOUserToWFInvoker" class="org.springframework.scheduling.quartz.MethodInvokingJobDetailFactoryBean">
		<property name="targetObject" ref="bPOUserToWFWorker" />
		<property name="concurrent" value="false" />
		<property name="targetMethod" value="run" />
	</bean>
	<bean id="bPOUserToWFCron" class="org.springframework.scheduling.quartz.CronTriggerFactoryBean">
		<property name="jobDetail" ref="bPOUserToWFInvoker" />
		<property name="cronExpression" value="0 */1 * * * ?" /><!-- 每5分钟 -->
	</bean>
	<!-- 工作流用户部门同步作业 -->
	<bean id="userDepToWFInvoker" class="org.springframework.scheduling.quartz.MethodInvokingJobDetailFactoryBean">
		<property name="targetObject" ref="userDepToWFWorker" />
		<property name="concurrent" value="false" />
		<property name="targetMethod" value="run" />
	</bean>
	<bean id="userDepToWFCron" class="org.springframework.scheduling.quartz.CronTriggerFactoryBean">
		<property name="jobDetail" ref="userDepToWFInvoker" />
		<property name="cronExpression" value="0 */1 * * * ?" /><!-- 每5分钟 -->
	</bean>
	<!-- 工作流用户同步作业 -->
	<bean id="userFlowerToWFInvoker" class="org.springframework.scheduling.quartz.MethodInvokingJobDetailFactoryBean">
		<property name="targetObject" ref="userFlowerToWFWorker" />
		<property name="concurrent" value="false" />
		<property name="targetMethod" value="run" />
	</bean>
	<bean id="userFlowerToWFCron" class="org.springframework.scheduling.quartz.CronTriggerFactoryBean">
		<property name="jobDetail" ref="userFlowerToWFInvoker" />
		<property name="cronExpression" value="0 */1 * * * ?" /><!-- 每5分钟 -->
	</bean>

	<!-- 请假流程同步作业 -->
	<bean id="userLeaveToLeflowInvoker" class="org.springframework.scheduling.quartz.MethodInvokingJobDetailFactoryBean">
		<property name="targetObject" ref="userLeaveToLeflowWorker" />
		<property name="concurrent" value="false" />
		<property name="targetMethod" value="run" />
	</bean>
	<bean id="userLeaveToLeflowCron" class="org.springframework.scheduling.quartz.CronTriggerFactoryBean">
		<property name="jobDetail" ref="userLeaveToLeflowInvoker" />
		<property name="cronExpression" value="0 */1 * * * ?" /><!-- 每分钟 -->
	</bean>
	<!-- 推送Staff员工到CC系统同步作业 -->
	<bean id="bPOUserToCCWorkerInvoker" class="org.springframework.scheduling.quartz.MethodInvokingJobDetailFactoryBean">
		<property name="targetObject" ref="bPOUserToCCWorker" />
		<property name="concurrent" value="false" />
		<property name="targetMethod" value="run" />
	</bean>
	<bean id="bPOUserToCCWorkerCron" class="org.springframework.scheduling.quartz.CronTriggerFactoryBean">
		<property name="jobDetail" ref="bPOUserToCCWorkerInvoker" />
		<property name="cronExpression" value="0 */1 * * * ?" /><!-- 每分钟 -->
	</bean>
	<!-- 生成排班班段信息作业 -->
	<bean id="bPOSchedulingInfoInitWorkerInvoker" class="org.springframework.scheduling.quartz.MethodInvokingJobDetailFactoryBean">
		<property name="targetObject" ref="bPOSchedulingInfoInitWorker" />
		<property name="concurrent" value="false" />
		<property name="targetMethod" value="run" />
	</bean>
	<bean id="bPOSchedulingInfoInitWorkerCron" class="org.springframework.scheduling.quartz.CronTriggerFactoryBean">
		<property name="jobDetail" ref="bPOSchedulingInfoInitWorkerInvoker" />
		<property name="cronExpression" value="0 */1 * * * ?" /><!-- 每分钟 -->
	</bean>
	<!-- 生成排班班段信息作业 -->
	<bean id="applyFlowerToWFWorkerInvoker" class="org.springframework.scheduling.quartz.MethodInvokingJobDetailFactoryBean">
		<property name="targetObject" ref="applyFlowerToWFWorker" />
		<property name="concurrent" value="false" />
		<property name="targetMethod" value="run" />
	</bean>
	<bean id="applyFlowerToWFWorkerCron" class="org.springframework.scheduling.quartz.CronTriggerFactoryBean">
		<property name="jobDetail" ref="applyFlowerToWFWorkerInvoker" />
		<property name="cronExpression" value="0 */1 * * * ?" /><!-- 每分钟 -->
	</bean>

	<!-- 定时任务 -->
	<bean id="schedulerFactory"	class="org.springframework.scheduling.quartz.SchedulerFactoryBean">
		<property name="triggers">
			<list>
				<ref bean="bPOAuthorityToWFCron" />
				<ref bean="bPODEPToWFCron" />
				<ref bean="bPOUserToWFCron" />
				<ref bean="userDepToWFCron" />
				<ref bean="userFlowerToWFCron" />
				<ref bean="userLeaveToLeflowCron" />
				<ref bean="bPOUserToCCWorkerCron" />
				<ref bean="bPOSchedulingInfoInitWorkerCron" />
				<ref bean="applyFlowerToWFWorkerCron" />
			</list>
		</property>
	</bean>
</beans>
