<?xml version="1.0" encoding="UTF-8"?>
<Configuration status="OFF">
    <Appenders>
        <Console name="CONSOLE" target="SYSTEM_OUT">
            <PatternLayout pattern="%d{yyyy-MM-dd HH:mm:ss} [%-5p] %c#%M:%L - %m [%7t][%7r]%n" />
        </Console>
        <RollingFile name="FILE" fileName="${profile.log.root.path}/${profile.log.name.webservice}/${profile.log.name.webservice}.log"
            filePattern="${profile.log.root.path}/${profile.log.name.webservice}/${profile.log.name.webservice}-%d{yyyy-MM-dd}-%i.log">
            <PatternLayout pattern="%d{yyyy-MM-dd HH:mm:ss} [%-5p] %c#%M:%L - %m [%7t][%7r]%n" />
            <Policies>
                <TimeBasedTriggeringPolicy />
                <SizeBasedTriggeringPolicy size="${profile.log.maxfilesize}" />
            </Policies>
            <DefaultRolloverStrategy max="100" />
        </RollingFile>
        <RollingFile name="REGISTER_FILE" fileName="${profile.log.root.path}/${profile.log.name.webservice}/register.log"
            filePattern="${profile.log.root.path}/${profile.log.name.webservice}/register-%d{yyyy-MM-dd}-%i.log">
            <PatternLayout pattern="%d{yyyy-MM-dd HH:mm:ss} [%-5p] %c#%M:%L - %m [%7t][%7r]%n" />
            <Policies>
                <TimeBasedTriggeringPolicy />
                <SizeBasedTriggeringPolicy size="${profile.log.maxfilesize}" />
            </Policies>
            <DefaultRolloverStrategy max="100" />
        </RollingFile>
        <Perf4jAppender name="perf4jStatistics" TimeSlice="1800000" fileName="${profile.log.root.path}/${profile.log.name.webservice}/perfStats.log">
			<PatternLayout pattern="%m%n" />
		</Perf4jAppender>
    </Appenders>

    <Loggers>
    	<Logger name="com.letv.portal.rest.RegisterResource">
    		<AppenderRef ref="REGISTER_FILE" />
    	</Logger>
        <Root level="${profile.log.root.level}">
            <AppenderRef ref="CONSOLE" />
            <AppenderRef ref="FILE" />
            <AppenderRef ref="perf4jStatistics" />
        </Root>
    </Loggers>
</Configuration>