<?xml version="1.0" encoding="UTF-8" ?>
<!DOCTYPE mapper PUBLIC "-//mybatis.org//DTD Mapper 3.0//EN" "http://mybatis.org/dtd/mybatis-3-mapper.dtd" >

<mapper namespace="AdjustChange">

    <resultMap id="AdjustChangeMap" type="AdjustChange">
    	<id column="ID" property="id" jdbcType="DECIMAL"/>
    	<result column="staff_id" property="staffId" jdbcType="DECIMAL"/>
    	<result column="old_post" property="oldPost" jdbcType="DECIMAL"/>
    	<result column="new_post" property="newPost" jdbcType="DECIMAL"/>
    	<result column="old_department" property="oldDepartment" jdbcType="DECIMAL"/>
    	<result column="new_department" property="newDepartment" jdbcType="DECIMAL"/>
    	<result column="change_type" property="changeType" jdbcType="DECIMAL"/>
    	<result column="change_date" property="changeDate" jdbcType="TIMESTAMP"/>
    	<result column="reason" property="reason" jdbcType="VARCHAR"/>
        <result column="old_service" property="oldService" jdbcType="DECIMAL"/>
        <result column="new_service" property="newService" jdbcType="DECIMAL"/>
    </resultMap>
    <sql id="userDepColumns">
    ID,staff_id,old_post,new_post,old_department,new_department,change_date,reason,change_type,old_service,new_service
    </sql>

    <!-- 创建信息 ,新建员工的职位状态都是1培训-->
    <insert id="insert" parameterType="AdjustChange" useGeneratedKeys="true" keyProperty="id">
        insert into b_adjust_change(staff_id,old_post,new_post,old_department,new_department,change_date,reason,change_type,old_service,new_service)
        values(#{staffId},#{oldPost},#{newPost},#{oldDepartment},#{newDepartment},#{changeDate},#{reason},#{changeType},#{oldService},#{newService})
    </insert>
    
    <select id="selectById" resultMap="AdjustChangeMap" parameterType="java.lang.Long">
      select <include refid="userDepColumns"/> from b_adjust_change u
            where u.id = #{id}
    </select>
</mapper>