<?xml version="1.0" encoding="UTF-8" ?>
<!DOCTYPE mapper PUBLIC "-//mybatis.org//DTD Mapper 3.0//EN" "http://mybatis.org/dtd/mybatis-3-mapper.dtd" >

<mapper namespace="ApprovalManage">

    <resultMap id="approvalManageMap" type="ApprovalManage">
        <result column="ID" property="id" jdbcType="DECIMAL"/>
        <result column="SI_ID" property="siId" jdbcType="DECIMAL"/>
        <result column="JD_ID" property="jdId" jdbcType="DECIMAL"/>
        <result column="TYPE" property="type" jdbcType="DECIMAL"/>
        <result column="IS_FINISHED" property="isFinished" jdbcType="DECIMAL"/>
        <result column="CONFIRM" property="confirm" jdbcType="DECIMAL"/>
        <result column="CREATE_USER" property="createUser" jdbcType="VARCHAR"/>
        <result column="CREATE_TIME" property="createTime" jdbcType="TIMESTAMP"/>
        <result column="UPDATE_USER" property="updateUser" jdbcType="VARCHAR"/>
        <result column="UPDATE_TIME" property="updateTime" jdbcType="TIMESTAMP"/>
        <result column="YN" property="yn" jdbcType="DECIMAL"/>
    </resultMap>

    <!-- 数据字典全量信息 -->
    <sql id="approvalManageColumns">
    	ID, SI_ID, JD_ID, TYPE, CONFIRM,IS_FINISHED, CREATE_USER, CREATE_TIME, UPDATE_USER, UPDATE_TIME, YN
    </sql>

    <!-- 创建信息 -->
    <insert id="insert" parameterType="JsonData" useGeneratedKeys="true" keyProperty="id">
        insert into b_approval_manage(<include refid="approvalManageColumns"/>)
        values(null,#{siId},#{jdId},#{type},#{confirm},0,#{createUser},now(),#{updateUser},#{updateTime},1)
    </insert>

    <!-- 插入多条数据 -->
    <insert id="inserts" parameterType="java.util.List">
        <selectKey resultType="java.lang.Long" keyProperty="id" order="AFTER">
            SELECT LAST_INSERT_ID()
        </selectKey>
        insert into b_approval_manage(<include refid="approvalManageColumns"/>)
        values
        <foreach collection="list" item="item" index="index" separator=",">
            (null,#{item.siId},#{item.jdId},#{item.type},#{item.confirm},0,#{item.createUser},now(),#{item.updateUser},#{item.updateTime},1)
        </foreach>
    </insert>

    <!-- 修改 -->
    <update id="update" parameterType="ApprovalManage">
        <if test="_parameter != null">
            <if test="id != null and id > 0">
                update b_approval_manage set
                <if test="siId != null and siId != ''">
                    SI_ID = #{name,jdbcType=DECIMAL},
                </if>
                <if test="jdId != null and jdId != ''">
                    JD_ID = #{jdId,jdbcType=DECIMAL},
                </if>
                <if test="type != null and type != ''">
                    TYPE = #{type,jdbcType=DECIMAL},
                </if>
                <if test="confirm != null and confirm != ''">
                    CONFIRM =#{confirm,jdbcType=DECIMAL},
                </if>
                <if test="confirm != null and confirm != ''">
                    IS_FINISHED =#{isFinished,jdbcType=DECIMAL},
                </if>
                <if test="yn != null">
                    YN = #{yn,jdbcType=DECIMAL},
                </if>
                update_time = now()
                where id = #{id}
            </if>
        </if>
    </update>
    <update id="updateConfirmBySiId" parameterType="java.lang.String">
        <if test="_parameter != null and _parameter !=''">
            update b_approval_manage set CONFIRM=1 WHERE SI_ID in (${_parameter})
        </if>
    </update>
    <update id="updateFinishByJdId" parameterType="java.lang.String">
        <if test="_parameter != null and _parameter !=''">
            update b_approval_manage set IS_FINISHED=1 WHERE JD_ID in (${_parameter})
        </if>
    </update>
    <update id="updateByJdId" parameterType="java.lang.String">
        <if test="_parameter != null and _parameter !=''">
            update b_approval_manage set IS_FINISHED=1,CONFIRM=1 WHERE JD_ID in (${_parameter})
        </if>
    </update>
    <select id="queryAppManageList" resultMap="approvalManageMap" parameterType="java.lang.Long">
        <if test="_parameter !=null">
            select
            <include refid="approvalManageColumns"/>
            from b_approval_manage
            WHERE YN=1 and JD_ID=#{_parameter}
        </if>
    </select>
    <!-- 根据查询Bean获取集合总数 -->
    <select id="queryAppManageCount" resultType="java.lang.Integer" parameterType="com.letv.css.portal.domain.query.ApprovalManageQuery">
        <if test="siIds != null and siIds !=''">
            <if test="type !=null">
                SELECT COUNT(1) FROM b_approval_manage WHERE
                TYPE = #{type,jdbcType=DECIMAL}
                AND IS_FINISHED=0 AND si_id IN (${siIds})
            </if>
        </if>
    </select>
    <!-- 根据查询Bean获取集合总数 是否有成功或审核中的-->
    <select id="queryValidCount" resultType="java.lang.Integer" parameterType="com.letv.css.portal.domain.query.ApprovalManageQuery">
        <if test="siIds != null and siIds !=''">
            <if test="type !=null">
                SELECT COUNT(1) FROM b_approval_manage WHERE
                TYPE = #{type,jdbcType=DECIMAL}
                AND (IS_FINISHED=0 or (IS_FINISHED=1 and CONFIRM=1)) AND si_id IN (${siIds})
            </if>
        </if>
    </select>
</mapper>