<?xml version="1.0" encoding="UTF-8" ?>
<!DOCTYPE mapper PUBLIC "-//mybatis.org//DTD Mapper 3.0//EN" "http://mybatis.org/dtd/mybatis-3-mapper.dtd" >

<mapper namespace="Dep">

    <resultMap id="DepMap" type="Dep">
    	<result column="ID" property="id" jdbcType="DECIMAL"/>
    	<result column="NAME" property="name" jdbcType="VARCHAR"/>
    	<result column="NUM" property="num" jdbcType="VARCHAR"/>
    	<result column="CODE" property="code" jdbcType="VARCHAR"/>
    	<result column="PARENT_ID" property="parentId" jdbcType="DECIMAL"/>
    	<result column="HAS_CHILD" property="hasChild" jdbcType="DECIMAL"/>
    	<result column="LEVEL" property="level" jdbcType="DECIMAL"/>
    	<result column="HIERARCHY" property="hierarchy" jdbcType="DECIMAL"/>
    	<result column="PRIORITY" property="priority" jdbcType="DECIMAL"/>
    	<result column="PERSON_CHARGE" property="personCharge" jdbcType="VARCHAR"/>
    	<result column="PERSON_CHARGE_ID" property="personChargeId" jdbcType="DECIMAL"/>
    	<result column="DEP_TYPE" property="depType" jdbcType="DECIMAL"/>
    	<result column="DEP_STATE" property="depState" jdbcType="DECIMAL"/>
    	<result column="CREATE_TIME" property="createTime" jdbcType="TIMESTAMP"/>
    	<result column="CREATE_USER" property="createUser" jdbcType="VARCHAR"/>
    	<result column="UPDATE_TIME" property="updateTime" jdbcType="TIMESTAMP"/>
    	<result column="UPDATE_USER" property="updateUser" jdbcType="VARCHAR"/>
    	<result column="REMARK" property="remark" jdbcType="VARCHAR"/>
    	<result column="YN" property="yn" jdbcType="DECIMAL"/>
    	<result column="LAST_MODIFY_TIME" property="lastModifyTime" jdbcType="TIMESTAMP"/>
    </resultMap>
	<resultMap id="countMap" type="Map">
		<result property="staffContract" column="staffContract" javaType="java.lang.Integer" />
		<result property="count" column="count" javaType="java.lang.Integer" />
	</resultMap>

    <!-- 部门全量信息 -->
    <sql id="depColumns">
    	ID, NAME, CODE,NUM, PARENT_ID, HAS_CHILD, LEVEL, HIERARCHY, PRIORITY, PERSON_CHARGE, PERSON_CHARGE_ID, DEP_TYPE, DEP_STATE, 
    	CREATE_USER, CREATE_TIME, UPDATE_USER, UPDATE_TIME, REMARK, YN, LAST_MODIFY_TIME
    </sql>
    
    <!-- 部门部分信息 -->
    <sql id="depPartColumns">
    	ID, NAME, CODE,NUM, PARENT_ID, HAS_CHILD, LEVEL, HIERARCHY, PRIORITY, PERSON_CHARGE, PERSON_CHARGE_ID, DEP_TYPE, DEP_STATE, 
    	REMARK, YN
    </sql>

    <!-- 创建信息 -->
    <insert id="insert" parameterType="Dep" useGeneratedKeys="true" keyProperty="id">
        insert into b_dep(<include refid="depColumns"/>)
        values(null,#{name},#{code},#{num},#{parentId},#{hasChild},#{level},#{hierarchy},#{priority},#{personCharge},#{personChargeId},#{depType},#{depState},
        #{createUser},now(),#{updateUser},#{updateTime},#{remark},1,#{lastModifyTime})
    </insert>

    <!-- 修改信息 -->
    <update id="update" parameterType="Dep">
        <if test="_parameter != null">
            <if test="id != null and id > 0">
                update b_dep set
		        <if test="code != null and code != ''">
                	CODE = #{code,jdbcType=VARCHAR},
		        </if>
		        <if test="num != null  and num != ''">
		        	NUM = #{num,jdbcType=VARCHAR},
		        </if>
		        <if test="name != null and name != ''">
                	NAME = #{name,jdbcType=VARCHAR},
		        </if>
		        <if test="parentId != null">
                	PARENT_ID = #{parentId,jdbcType=VARCHAR},
		        </if>
		        <if test="hasChild != null">
                	HAS_CHILD = #{hasChild,jdbcType=DECIMAL},
		        </if>
		        <if test="personCharge != null">
                	PERSON_CHARGE = #{personCharge,jdbcType=VARCHAR},
		        </if>
		        <if test="personChargeId != null">
                	PERSON_CHARGE_ID = #{personChargeId,jdbcType=DECIMAL},
		        </if>
		        <!-- 不需要“ depType != ''”的判断，当depType=0的是，会使更新无效 -->
		        <if test="depType != null">
                	DEP_TYPE = #{depType,jdbcType=DECIMAL},
		        </if>
		        <if test="depState != null">
                	DEP_STATE = #{depState,jdbcType=DECIMAL},
		        </if>
		        <if test="level != null and level != ''">
                	LEVEL = #{level,jdbcType=DECIMAL},
		        </if>
		        <if test="hierarchy != null and hierarchy != ''">
                	HIERARCHY = #{hierarchy,jdbcType=DECIMAL},
		        </if>
		        <if test="priority != null and priority != ''">
                	PRIORITY = #{priority,jdbcType=DECIMAL},
		        </if>
		        <if test="updateUser != null and updateUser != ''">
                	UPDATE_USER = #{updateUser,jdbcType=VARCHAR},
		        </if>
		        <if test="updateTime != null and updateTime != ''">
                	UPDATE_TIME = #{updateTime,jdbcType=TIMESTAMP},
		        </if>
		        <if test="remark != null and remark != ''">
                	REMARK = #{remark,jdbcType=VARCHAR},
		        </if>
		        <if test="effect != null and effect != ''">
                	EFFECT = #{effect,jdbcType=DECIMAL},
		        </if>
		        <if test="lastModifyTime != null">
                	LAST_MODIFY_TIME = #{lastModifyTime,jdbcType=TIMESTAMP},
		        </if>
                	update_time = now()
                where id = #{id}
            </if>
        </if>
    </update>

    <!-- 根据主键获取对象信息 -->
    <select id="getDepById" resultMap="DepMap" parameterType="java.lang.Long">
        <if test="_parameter != null">
            select <include refid="depColumns"/> from b_dep
            where id = #{_parameter}
        </if>
    </select>
    
    <!-- 根据部门-职场名称或者部门-职场 -->
    <select id="getDepByName" resultMap="DepMap" parameterType="java.lang.String">
    	<if test="_parameter != null">
    		select <include refid="depColumns"/> from b_dep
    		where name = #{_parameter}
    			and yn = 1 and dep_state = 0 limit 1
    	</if>
    </select>
    
    <!-- 根据主键获得对象信息集合 -->
    <select id="getDepListByIds" resultMap="DepMap" parameterType="java.lang.String">
    	<if test="_parameter != null">
    		select <include refid="depPartColumns"/> from b_dep 
    		where id in (${_parameter}) and dep_state = 0 order by code asc
    	</if>
    </select>
    
    <!-- 根据父编码获得该部门的子部门编码集合 -->
    <select id="getChildrenCodByParentId" resultType="java.lang.String" parameterType="java.lang.Integer">
    	<if test="_parameter !=null">
    		select code from b_dep
    		where PARENT_Id = #{_parameter} and yn=1 order by code desc
    	</if>
    </select>
    
    <!-- 根据查询Bean获取数据集合，不带翻页 -->
    <select id="queryTreeDepList" resultMap="DepMap" parameterType="com.letv.css.portal.domain.query.DepQuery">
    	SELECT d.ID,d.DEP_TYPE,d.DEP_STATE,d.NAME,d.CODE,d.PARENT_Id,d.NUM,d.PERSON_CHARGE,d.LEVEL,d.HAS_CHILD,COUNT(child.PARENT_ID) AS counts
    	FROM b_dep d
    	LEFT JOIN
    		b_dep child ON child.PARENT_ID = d.ID AND child.YN=1
    	WHERE d.YN = 1
   	 	<if test="code != null and code != ''">
        	and d.CODE = #{code,jdbcType=VARCHAR}
        </if>
        <if test="name != null and name != ''">
        	and d.NAME = #{name,jdbcType=VARCHAR}
        </if>
        <if test="level != null">
        	and d.LEVEL = #{level,jdbcType=DECIMAL}
        </if>
        <if test="parentId != null">
        	and d.PARENT_ID = #{parentId,jdbcType=DECIMAL}
        </if>
		<if test="depState != null">
			and d.DEP_STATE = #{depState,jdbcType=DECIMAL}
		</if>
        <if test="depIds != null and depIds != ''">
        	and d.ID in (${depIds})
        </if>
		GROUP BY d.ID ORDER BY d.PRIORITY;
    </select>
    
    <!-- 根据查询Bean获取数据集合，不带翻页 -->
    <select id="queryDepList" resultMap="DepMap"
            parameterType="com.letv.css.portal.domain.query.DepQuery">
        select <include refid="depColumns"/> from b_dep where <include refid="queryDepListWhere"/>
        order by code asc
    </select>

    <!-- 根据查询Bean获取数据集合，翻页 -->
    <select id="queryDepListWithPage" resultMap="DepMap"
            parameterType="com.letv.css.portal.domain.query.DepQuery">
        select <include refid="depColumns"/> from b_dep where <include refid="queryDepListWhere"/>
        order by code asc
        limit #{startIndex},#{pageSize};
    </select>

    <!-- 根据查询Bean获取集合总数 -->
    <select id="queryDepCount" resultType="java.lang.Integer"
            parameterType="com.letv.css.portal.domain.query.DepQuery">
        select count(1) from b_dep where <include refid="queryDepListWhere"/>
    </select>
    
    <!-- 根据部门id计算该部门当前的在职和培训人员，仅包括自己部门 -->
    <select id="queryDepPersonQuantity" resultType="java.lang.Integer"
    		parameterType="java.lang.Long">
    	select count(1) from b_staff s where s.dep_id = #{_parameter} and s.yn=1 and s.position_status in(1,3);
    </select>

	<!-- 根据部门id计算该部门当前的在职和培训人员，包括自己部门和下级部门 -->
    <select id="queryDepPersonQuantityByCode" resultMap="countMap" parameterType="java.lang.String">
    	select staff_contract,count(1) as count from b_staff s
    	left join b_dep d on s.dep_id = d.id 
    	where d.code like concat(#{code},'%') and s.yn=1 and s.position_status in(1,3) GROUP BY staff_contract;
    </select>


 	<!-- 给用户分配部门时，依据用户ID查询部门信息 -->
    <select id="queryDepTree" resultMap="DepMap" parameterType="java.lang.Long">
        SELECT distinct d.id,d.name,d.parent_id, CASE  WHEN ud.id IS NULL THEN 0 ELSE 1 END yn
		FROM b_dep d
		LEFT JOIN b_user_dep ud ON ud.dep_id = d.id AND ud.yn=1 AND ud.user_id=#{userId}
		WHERE d.yn=1
    </select>


    <!-- 删除信息 -->
    <update id="deleteDepById" parameterType="java.lang.Long">
        <if test="_parameter != null and _parameter > 0">
            update b_dep set yn = 0 where id = #{_parameter}
        </if>
    </update>

    <!-- 常用的查询Where条件 -->
    <sql id="queryDepListWhere">
    	yn = 1
        <if test="num != null and num != ''">
            and NUM like concat('%',#{num,jdbcType=VARCHAR},'%')
        </if>
        <if test="name != null and name != ''">
            and NAME like concat('%',#{name,jdbcType=VARCHAR},'%')
        </if>
        <if test="personCharge != null and personCharge != ''">
            and PERSON_CHARGE like concat('%',#{personCharge,jdbcType=VARCHAR},'%')
        </if>
        <if test="personChargeId != null and personChargeId != ''">
            and PERSON_CHARGE_ID like concat('%',#{personChargeId,jdbcType=DECIMAL},'%')
        </if>
        <if test="level != null and level != ''">
        	and LEVEL = #{level,jdbcType=DECIMAL}
        </if>
        <if test="id != null and id != ''">
        	and ID = #{id,jdbcType=DECIMAL}
        </if>
        <if test="parentId != null">
        	and PARENT_ID = #{parentId,jdbcType=DECIMAL}
        </if>
        <if test="code != null and code != ''">
        	and CODE = #{code,jdbcType=VARCHAR}
        </if>
        <if test="upperCode != null and upperCode != ''">
        	and CODE like concat(#{upperCode,jdbcType=VARCHAR},'%') 
        </if>
		<if test="depState != null">
			and DEP_STATE = #{depState,jdbcType=DECIMAL}
		</if>
        <if test="depIds != null and depIds != ''">
        	and ID in (${depIds})
        </if>
    </sql>
</mapper>