<?xml version="1.0" encoding="UTF-8" ?>
<!DOCTYPE mapper PUBLIC "-//mybatis.org//DTD Mapper 3.0//EN" "http://mybatis.org/dtd/mybatis-3-mapper.dtd" >

<mapper namespace="DepBusiness">

    <resultMap id="DepBusinessMap" type="DepBusiness">
        <result column="id" property="id" jdbcType="DECIMAL"/>
        <result column="dep_id" property="depId" jdbcType="DECIMAL"/>
        <result column="dic_num" property="dicNum" jdbcType="DECIMAL"/>
    </resultMap>


    <insert id="insert" parameterType="DepBusiness">
        insert into b_dep_business (dep_id,dic_num,create_user,create_time,yn)
        values(#{depId},#{dicNum},#{createUser},now(), 1)
    </insert>
    <!--<update id="deleteUserDep" parameterType="UserDep">-->
        <!--update b_user_dep set yn = 0, update_user = #{updateUser},update_time=now()-->
        <!--where yn=1-->
        <!--<if test="userId != null and userId > 0">-->
            <!--and user_id = #{userId}-->
        <!--</if>-->
        <!--<if test="depId != null and depId > 0">-->
            <!--and dep_id = #{depId}-->
        <!--</if>-->
    <!--</update> -->
    <!-- 根据部门获取业务线 -->
    <select id="queryByDepId" resultMap="DepBusinessMap" parameterType="java.lang.Long">
        <if test="_parameter != null">
            select id,dep_id,dic_num from b_dep_business
            where dep_id = #{_parameter} and yn = 1
        </if>
    </select>

    <!-- 删除信息 -->
    <update id="deleteById" parameterType="DepBusiness">
        <if test="depId != null and depId > 0 and dicNum != null and dicNum > 0">
            update b_dep_business set yn = 0,update_user = #{updateUser},update_time = now() where dep_id = #{depId} and dic_num = #{dicNum}
        </if>
    </update>
    
</mapper>