<?xml version="1.0" encoding="UTF-8" ?>
<!DOCTYPE mapper PUBLIC "-//mybatis.org//DTD Mapper 3.0//EN" "http://mybatis.org/dtd/mybatis-3-mapper.dtd" >

<mapper namespace="Dic">

    <resultMap id="DicMap" type="Dic">
    	<result column="ID" property="id" jdbcType="DECIMAL"/>
    	<result column="NUM" property="num" jdbcType="DECIMAL"/>
    	<result column="NAME" property="name" jdbcType="VARCHAR"/>
    	<result column="TYPE" property="type" jdbcType="VARCHAR"/>
    	<result column="PARENT_ID" property="parentId" jdbcType="DECIMAL"/>
    	<result column="PARENT_NUM" property="parentNum" jdbcType="DECIMAL"/>
    	<result column="PARENT_NAME" property="parentName" jdbcType="VARCHAR"/>
    	<result column="PARENT_TYPE" property="parentType" jdbcType="VARCHAR"/>
    	<result column="PRIORITY" property="priority" jdbcType="DECIMAL"/>
    	<result column="CREATE_USER" property="createUser" jdbcType="VARCHAR"/>
    	<result column="CREATE_TIME" property="createTime" jdbcType="TIMESTAMP"/>
    	<result column="UPDATE_USER" property="updateUser" jdbcType="VARCHAR"/>
    	<result column="UPDATE_TIME" property="updateTime" jdbcType="TIMESTAMP"/>
    	<result column="REMARK" property="remark" jdbcType="VARCHAR"/>
    	<result column="YN" property="yn" jdbcType="DECIMAL"/>
    </resultMap>
    
    <!-- 数据字典全量信息 -->
    <sql id="dicColumns">
    	ID, NUM, NAME, TYPE, PARENT_ID, PARENT_NUM, PARENT_NAME, PARENT_TYPE, PRIORITY, 
    	CREATE_USER, CREATE_TIME, UPDATE_USER, UPDATE_TIME, REMARK, YN
    </sql>
    
    <!-- 创建信息 -->
    <insert id="insert" parameterType="Dic">
        insert into b_dic(<include refid="dicColumns"/>)
        values(null,#{num},#{name},#{type},#{parentId},#{parentNum},#{parentName},#{parentType},#{priority},
        #{createUser},now(),#{updateUser},#{updateTime},#{remark},1)
    </insert>

    <!-- 修改信息 -->
    <update id="update" parameterType="Dic">
        <if test="_parameter != null">
            <if test="id != null and id > 0">
                update b_dic set
		        <if test="num != null">
		        	NUM = #{num,jdbcType=DECIMAL},
		        </if>
		        <if test="name != null and name != ''">
                	NAME = #{name,jdbcType=VARCHAR},
		        </if>
		        <if test="type != null and type != ''">
                	TYPE = #{type,jdbcType=VARCHAR},
		        </if>
		        <if test="parentId != null">
                	PARENT_ID = #{parentId,jdbcType=DECIMAL},
		        </if>
		        <if test="parentNum != null">
		        	PARENT_NUM = #{parentNum,jdbcType=DECIMAL},
		        </if>
		        <if test="parentName != null and parentName != ''">
                	PARENT_NAME = #{parentName,jdbcType=VARCHAR},
		        </if>
		        <if test="parentType != null and parentType != ''">
                	PARENT_TYPE = #{parentType,jdbcType=VARCHAR},
		        </if>
		        <if test="priority != null  and priority != ''">
		        	PRIORITY = #{priority,jdbcType=DECIMAL},
		        </if>
		        <if test="updateUser != null and updateUser != ''">
                	UPDATE_USER = #{updateUser,jdbcType=VARCHAR},
		        </if>
		        <if test="remark != null and remark != ''">
                	REMARK = #{remark,jdbcType=VARCHAR},
		        </if>
                	UPDATE_TIME = now()
                where id = #{id}
            </if>
        </if>
    </update>

    <!-- 根据主键获取对象信息 -->
    <select id="getDicById" resultMap="DicMap" parameterType="java.lang.Long">
        <if test="_parameter != null">
            select <include refid="dicColumns"/> from b_dic
            where id = #{_parameter}
        </if>
    </select>
    
    <select id="getDicNum" resultType="java.lang.Long" parameterType="java.lang.Long">
    	<if test="_parameter != null">
    		select max(NUM) from b_dic
    		where parent_id = #{_parameter}
    	</if>
    </select>
    
    <!-- 根据查询Bean获取数据集合，不带翻页 -->
    <select id="queryDicList" resultMap="DicMap"
            parameterType="com.letv.css.portal.domain.query.DicQuery">
        select <include refid="dicColumns"/> from b_dic where <include refid="queryDicListWhere"/>
        order by priority asc
    </select>

    <!-- 根据上级编码查询数据集合 -->
    <select id="queryDicListById" resultMap="DicMap" parameterType="DicBusinessQuery">
        select <include refid="dicColumns"/> from b_dic where parent_name = #{parentName} and num IN
        <foreach item="item" index="index" collection="dicNums" open="(" separator="," close=")">
            #{item.dicNum}
        </foreach>
        order by priority asc
    </select>

    <!-- 根据查询Bean获取数据集合，翻页 -->
    <select id="queryDicListWithPage" resultMap="DicMap" parameterType="com.letv.css.portal.domain.query.DicQuery">
        select <include refid="dicColumns"/> from b_dic where <include refid="queryDicListWhere"/>
        order by priority asc
        limit #{startIndex},#{pageSize};
    </select>

    <!-- 根据查询Bean获取集合总数 -->
    <select id="queryDicCount" resultType="java.lang.Integer"
            parameterType="com.letv.css.portal.domain.query.DicQuery">
        select count(1) from b_dic where <include refid="queryDicListWhere"/>
    </select>
    

    <!-- 删除信息 -->
    <update id="deleteById" parameterType="java.lang.Long">
        <if test="_parameter != null and _parameter > 0">
            update b_dic set yn = 0 where id = #{_parameter}
        </if>
    </update>

    <!-- 常用的查询Where条件 -->
    <sql id="queryDicListWhere">
    	yn = 1
        <if test="id != null and id != ''">
        	and ID = #{id,jdbcType=DECIMAL}
        </if>
        <if test="num != null">
            and NUM = #{num,jdbcType=DECIMAL}
        </if>
        <if test="type != null and type != ''">
            and TYPE like concat('%',#{type,jdbcType=VARCHAR},'%')
        </if>
        <if test="name != null and name != ''">
            and NAME like concat('%',#{name,jdbcType=VARCHAR},'%')
        </if>
        <if test="parentId != null">
        	and PARENT_ID = #{parentId,jdbcType=DECIMAL}
        </if>
        <if test="parentNum != null">
            and PARENT_NUM = #{parentNum,jdbcType=DECIMAL}
        </if>
        <if test="parentType != null and parentType != ''">
            and PARENT_TYPE like concat('%',#{parentType,jdbcType=VARCHAR},'%')
        </if>
        <if test="parentName != null and parentName != ''">
            and PARENT_NAME like concat('%',#{parentName,jdbcType=VARCHAR},'%')
        </if>
    </sql>

    <!-- 根据上级编码查询数据集合 -->
    <select id="getDicByNum" resultMap="DicMap" parameterType="com.letv.css.portal.domain.query.DicQuery">
        select <include refid="dicColumns"/>
        from b_dic
        where parent_num = #{parentNum}
          and num = #{num}
    </select>
</mapper>