<?xml version="1.0" encoding="UTF-8" ?>
<!DOCTYPE mapper PUBLIC "-//mybatis.org//DTD Mapper 3.0//EN" "http://mybatis.org/dtd/mybatis-3-mapper.dtd" >

<mapper namespace="FunctionalStaffCalendar">

    <resultMap id="FunctionalStaffCalendarMap" type="FunctionalStaffCalendar">
    	<result column="ID" property="id" jdbcType="DECIMAL"/>
    	<result column="PLAN_DATE" property="planDate" jdbcType="TIMESTAMP"/>
    	<result column="WORK_STATUS" property="workStatus" jdbcType="DECIMAL"/>
    	<result column="SHIFTS_ID" property="shiftsId" jdbcType="DECIMAL"/>
    	<result column="SCHEDULING_STATUS" property="schedulingStatus" jdbcType="DECIMAL"/>
    	<result column="CREATE_USER" property="createUser" jdbcType="VARCHAR"/>
    	<result column="CREATE_TIME" property="createTime" jdbcType="TIMESTAMP"/>
    	<result column="UPDATE_USER" property="updateUser" jdbcType="VARCHAR"/>
    	<result column="UPDATE_TIME" property="updateTime" jdbcType="TIMESTAMP"/>
    	<result column="YN" property="yn" jdbcType="DECIMAL"/>
    </resultMap>
    
    <!-- 全量信息 -->
    <sql id="functionalStaffCalendarColumns">
    	ID, PLAN_DATE, WORK_STATUS, SHIFTS_ID, SCHEDULING_STATUS, 
    	CREATE_USER, CREATE_TIME, UPDATE_USER, UPDATE_TIME, YN
    </sql>
    
    <!-- 创建信息 -->
    <insert id="insert" parameterType="FunctionalStaffCalendar">
        insert into b_functional_staff_calendar(<include refid="functionalStaffCalendarColumns"/>)
        values(null,#{planDate},#{workStatus},#{shiftsId},#{schedulingStatus},
        #{createUser},now(),null,null,1)
    </insert>

    <!-- 修改信息 -->
    <update id="update" parameterType="FunctionalStaffCalendar">
        <if test="_parameter != null">
            update b_functional_staff_calendar set
		        <if test="workStatus != null">
		        	WORK_STATUS = #{workStatus,jdbcType=DECIMAL},
		        </if>
		        <if test="shiftsId != null and shiftsId != ''">
                	SHIFTS_ID = #{shiftsId,jdbcType=VARCHAR},
		        </if>
		        <if test="schedulingStatus != null and schedulingStatus != ''">
                	SCHEDULING_STATUS = #{schedulingStatus,jdbcType=VARCHAR},
		        </if>
		        <if test="updateUser != null and updateUser != ''">
                	UPDATE_USER = #{updateUser,jdbcType=VARCHAR},
		        </if>
                	UPDATE_TIME = now()
                where PLAN_DATE = #{planDate,jdbcType=TIMESTAMP}
        </if>
    </update>
    
    <!-- 根据查询Bean获取数据集合，不带翻页 -->
    <select id="queryList" resultMap="FunctionalStaffCalendarMap"
            parameterType="com.letv.css.portal.domain.query.FunctionalStaffCalendarQuery">
        select <include refid="functionalStaffCalendarColumns"/> from b_functional_staff_calendar 
        where <include refid="queryListWhere"/>
        order by PLAN_DATE asc
    </select>

    <!-- 常用的查询Where条件 -->
    <sql id="queryListWhere">
    	yn = 1
        <if test="planYear != null">
        	and DATE_FORMAT(PLAN_DATE, '%Y') = #{planYear, jdbcType=DECIMAL}
        </if>
        <if test="planMonth != null">
            and DATE_FORMAT(PLAN_DATE, '%c') = #{planMonth, jdbcType=DECIMAL}
        </if>
        
    </sql>
    
</mapper>