<?xml version="1.0" encoding="UTF-8" ?>
<!DOCTYPE mapper PUBLIC "-//mybatis.org//DTD Mapper 3.0//EN" "http://mybatis.org/dtd/mybatis-3-mapper.dtd" >

<mapper namespace="JsonData">

    <resultMap id="jsonDataMap" type="JsonData">
    	<result column="ID" property="id" jdbcType="DECIMAL"/>
    	<result column="TYPE" property="type" jdbcType="DECIMAL"/>
    	<result column="JSON_DATA" property="jsonData" jdbcType="VARCHAR"/>
    	<result column="CREATE_USER" property="createUser" jdbcType="VARCHAR"/>
    	<result column="CREATE_TIME" property="createTime" jdbcType="TIMESTAMP"/>
    	<result column="UPDATE_USER" property="updateUser" jdbcType="VARCHAR"/>
    	<result column="UPDATE_TIME" property="updateTime" jdbcType="TIMESTAMP"/>
    	<result column="YN" property="yn" jdbcType="DECIMAL"/>
    </resultMap>
    
    <!-- 数据字典全量信息 -->
    <sql id="jsonDataColumns">
    	ID, TYPE, JSON_DATA, CREATE_USER, CREATE_TIME, UPDATE_USER, UPDATE_TIME, YN
    </sql>
     
    <!-- 创建信息 -->
    <insert id="insert" parameterType="JsonData" useGeneratedKeys="true" keyProperty="id">
        insert into b_json_data(<include refid="jsonDataColumns"/>)
        values(null,#{type},#{jsonData},#{createUser},now(),#{updateUser},#{updateTime},1)
    </insert>
	<!-- 根据主键获取对象信息 -->
	<select id="getById" resultMap="jsonDataMap" parameterType="java.lang.Long">
		<if test="_parameter != null">
			select <include refid="jsonDataColumns"/> from b_json_data
			where id = #{_parameter}
		</if>
	</select>

</mapper>