<?xml version="1.0" encoding="UTF-8" ?>
<!DOCTYPE mapper PUBLIC "-//mybatis.org//DTD Mapper 3.0//EN" "http://mybatis.org/dtd/mybatis-3-mapper.dtd" >

<mapper namespace="Menu">

	<resultMap id="MenuMap" type="com.letv.css.portal.domain.dto.MenuDto">
		<id column="menuCode" property="menuCode" jdbcType="VARCHAR" />
		<result column="menuName" property="menuName" jdbcType="VARCHAR" />
		<result column="menuENName" property="menuENName" jdbcType="VARCHAR" />
		<result column="menuHKName" property="menuHKName" jdbcType="VARCHAR" />
		<result column="menuIcon" property="menuIcon" jdbcType="VARCHAR" />
		<collection property="subMenus" column="menuCode"
			ofType="com.letv.css.portal.domain.dto.SubMenuDto">
			<id property="subMenuCode" column="subMenuCode" javaType="string"
				jdbcType="VARCHAR" />
			<result property="subMenuName" column="subMenuName" javaType="string"
				jdbcType="VARCHAR" />
				<result property="subMenuENName" column="subMenuENName" javaType="string"
				jdbcType="VARCHAR" />
				<result property="subMenuHKName" column="subMenuHKName" javaType="string"
				jdbcType="VARCHAR" />
			<result property="subMenuIcon" column="subMenuIcon" javaType="string"
				jdbcType="VARCHAR" />
			<result property="subMenuUrl" column="subMenuUrl" javaType="string"
				jdbcType="VARCHAR" />
		</collection>
	</resultMap>
	
	<resultMap id="sysMenuMap" type="com.letv.css.portal.domain.dto.SystemMenuDto">
		<id column="sysCode" property="sysCode" jdbcType="VARCHAR" />
		<collection property="menus" column="menus" ofType="com.letv.css.portal.domain.dto.MenuDto">
			<id column="menuCode" property="menuCode" jdbcType="VARCHAR" />
			<result column="menuName" property="menuName" jdbcType="VARCHAR" />
			<result column="menuENName" property="menuENName" jdbcType="VARCHAR" />
			<result column="menuHKName" property="menuHKName" jdbcType="VARCHAR" />
			<result column="menuIcon" property="menuIcon" jdbcType="VARCHAR" />
			<collection property="subMenus" column="menuCode"
				ofType="com.letv.css.portal.domain.dto.SubMenuDto">
				<id property="subMenuCode" column="subMenuCode" javaType="string"
					jdbcType="VARCHAR" />
				<result property="subMenuName" column="subMenuName" javaType="string"
					jdbcType="VARCHAR" />
					<result property="subMenuENName" column="subMenuENName" javaType="string"
					jdbcType="VARCHAR" />
					<result property="subMenuHKName" column="subMenuHKName" javaType="string"
					jdbcType="VARCHAR" />
				<result property="subMenuIcon" column="subMenuIcon" javaType="string"
					jdbcType="VARCHAR" />
				<result property="subMenuUrl" column="subMenuUrl" javaType="string"
					jdbcType="VARCHAR" />
			</collection>
		</collection>
	</resultMap>

	<resultMap id="ResourceMap" type="Resource">
		<result column="ID" property="id" jdbcType="DECIMAL" />
		<result column="TYPE" property="type" jdbcType="DECIMAL" />
		<result column="CODE" property="code" jdbcType="VARCHAR" />
		<result column="NAME" property="name" jdbcType="VARCHAR" />
		<result column="EN_NAME" property="enname" jdbcType="VARCHAR" />
		<result column="HK_NAME" property="hkname" jdbcType="VARCHAR" />
		<result column="URL" property="url" jdbcType="VARCHAR" />
		<result column="PARENT_ID" property="parentId" jdbcType="DECIMAL" />
	</resultMap>

	<select id="getMenus" resultMap="MenuMap" parameterType="User">
		SELECT DISTINCT  pr.code menuCode, pr.name menuName,pr.en_name menuENName,pr.hk_name menuHKName, pr.icon menuIcon, res.code subMenuCode, res.name subMenuName,res.en_name subMenuENName,res.hk_name subMenuHKName, res.icon subMenuIcon, res.url subMenuUrl
		FROM b_resource res
		INNER JOIN b_resource pr ON pr.id=res.parent_id AND pr.yn=1
		INNER JOIN b_role_res rr ON rr.res_id=res.id AND rr.yn=1
		INNER JOIN b_role r ON rr.role_id=r.id AND r.yn=1
		INNER JOIN b_user_role ur ON ur.r_id=r.id AND ur.yn=1 AND ur.u_id = #{id,jdbcType=INTEGER}
		WHERE res.yn=1 AND res.type=1
		ORDER BY pr.priority ASC, pr.id ASC, res.priority ASC, res.id ASC 
	</select>


	<!-- 根据用户ID查询拥有资源列表 -->
	<select id="queryResourceListByUserId" resultMap="ResourceMap" parameterType="User">
		SELECT DISTINCT r.id,r.CODE,r.NAME,r.PARENT_ID,r.TYPE 
		FROM b_resource r 
		INNER JOIN b_role_res rr ON rr.res_id=r.id AND rr.yn=1
		INNER JOIN b_role ro ON ro.id = rr.role_id  AND ro.yn=1
		INNER JOIN b_user_role ur ON ur.r_id =  ro.id AND ur.u_id = #{id,jdbcType=INTEGER} AND ur.yn=1 
		WHERE r.yn=1
	</select>

	<!-- 根据用户ID和父资源查询按钮资源列表 -->
	<select id="queryButtonResources" resultMap="ResourceMap" parameterType="Map">
		SELECT DISTINCT r.CODE,r.NAME,r.url,ur.id PARENT_ID
		FROM b_resource r 
		LEFT JOIN b_role_res rr ON rr.res_id = r.id  AND rr.yn=1
		LEFT JOIN b_role ro ON ro.id = rr.role_id  AND ro.yn=1
		LEFT JOIN b_user_role ur ON ur.r_id =  ro.id AND ur.u_id = #{userId,jdbcType=INTEGER} AND ur.yn=1 
		INNER JOIN b_resource pr ON  r.PARENT_ID =pr.ID 
			<if test="code != null and code != ''">
				AND pr.CODE=#{code,jdbcType=VARCHAR} 
			</if>
			<if test="url != null and url != ''">
				AND pr.URL=#{url,jdbcType=VARCHAR} 
			</if>
		WHERE r.yn=1 AND r.type=2
	</select>
	
	<!-- v2.0 start -->
	<!-- 运行时 -->
	<!-- 1.根据用户id和系统code查询当前系统下所有用户有权限的菜单 -->
	<select id="getSystemMenus" resultMap="MenuMap" parameterType="Map">
		SELECT DISTINCT  pr.code menuCode, pr.name menuName,pr.en_name menuENName,pr.hk_name menuHKName, pr.icon menuIcon, res.code subMenuCode, res.name subMenuName,res.en_name subMenuENName,res.hk_name subMenuHKName, res.icon subMenuIcon, res.url subMenuUrl
		FROM b_resource res
		INNER JOIN b_resource pr ON pr.id=res.parent_id AND pr.yn=1
		INNER JOIN b_role_res rr ON rr.res_id=res.id AND rr.yn=1
		INNER JOIN b_role r ON rr.role_id=r.id AND r.yn=1
		INNER JOIN b_user_role ur ON ur.r_id=r.id AND ur.yn=1 AND ur.u_id = #{uid,jdbcType=INTEGER}
		WHERE res.yn=1 AND res.type=1 AND res.sys_code = #{syscode,jdbcType=VARCHAR} 
		ORDER BY pr.priority ASC, pr.id ASC, res.priority ASC, res.id ASC 
	</select>
	
	<select id="getAllSystemMenus" resultMap="sysMenuMap" parameterType="Map">
		SELECT DISTINCT res.sys_code sysCode, pr.code menuCode, pr.name menuName,pr.en_name menuENName,pr.hk_name menuHKName, pr.icon menuIcon, res.code subMenuCode, res.name subMenuName,res.en_name subMenuENName,res.hk_name subMenuHKName, res.icon subMenuIcon, res.url subMenuUrl
		FROM b_resource res
		INNER JOIN b_resource pr ON pr.id=res.parent_id AND pr.yn=1
		INNER JOIN b_role_res rr ON rr.res_id=res.id AND rr.yn=1
		INNER JOIN b_role r ON rr.role_id=r.id AND r.yn=1
		INNER JOIN b_user_role ur ON ur.r_id=r.id AND ur.yn=1 AND ur.u_id = #{uid,jdbcType=INTEGER}
		WHERE res.yn=1 AND res.type=1  
		ORDER BY res.sys_code,pr.priority ASC, pr.id ASC, res.priority ASC, res.id ASC 
	</select>
	
	<!-- 快捷菜单 -->
		
	<select id="getShortCutMenus" resultMap="ResourceMap" parameterType="User">
		SELECT DISTINCT  pr.id,pr.code,pr.name,pr.en_name,pr.hk_name,pr.url,pr.parent_id
		FROM b_resource pr
		INNER JOIN b_role_res rr ON rr.res_id=pr.id AND rr.yn=1
		INNER JOIN b_role r ON rr.role_id=r.id AND r.yn=1
		INNER JOIN b_user_role ur ON ur.r_id=r.id AND ur.yn=1 AND ur.u_id = #{id,jdbcType=INTEGER}
		INNER JOIN b_sc_menu ps on  pr.ID = ps.RES_ID and ps.U_ID = ur.U_ID and ps.yn=1 
		WHERE pr.yn=1 AND pr.type=1 
		ORDER BY pr.priority ASC, pr.id ASC
	</select>
	<!-- 2.根据用户id（uid）,系统code（syscode）,父节点id（pid） 查询用户有授权的一级或二级菜单 -->
	<select id="queryAuthMenusWithLevel" resultMap="MenuMap" parameterType="Map">
		SELECT DISTINCT  pr.code menuCode, pr.name menuName,pr.en_name menuENName,pr.hk_name menuHKName, pr.icon menuIcon, res.code subMenuCode, res.name subMenuName,res.en_name subMenuENName,res.hk_name subMenuHKName, res.icon subMenuIcon, res.url subMenuUrl
		FROM b_resource res
		INNER JOIN b_resource pr ON pr.id=res.parent_id AND pr.yn=1
		INNER JOIN b_role_res rr ON rr.res_id=res.id AND rr.yn=1
		INNER JOIN b_role r ON rr.role_id=r.id AND r.yn=1
		INNER JOIN b_user_role ur ON ur.r_id=r.id AND ur.yn=1 AND ur.u_id = #{uid,jdbcType=INTEGER}
		WHERE res.yn=1 AND res.type=1 AND res.sys_code = #{syscode,jdbcType=VARCHAR} AND res.parent_id = #{pid,jdbcType=INTEGER}
		ORDER BY pr.priority ASC, pr.id ASC, res.priority ASC, res.id ASC 
	</select>
	
	<!-- 授权 -->
	<!-- 3.根据父节点id和系统code查询某一级菜单 -->
	<select id="queryMenusWithLevel" resultMap="MenuMap" parameterType="Map">
		SELECT DISTINCT  pr.code menuCode, pr.name menuName,pr.en_name menuENName,pr.hk_name menuHKName, pr.icon menuIcon, res.code subMenuCode, res.name subMenuName,res.en_name subMenuENName,res.hk_name subMenuHKName, res.icon subMenuIcon, res.url subMenuUrl
		FROM b_resource res
		WHERE res.yn=1 AND res.type=1 AND res.sys_code = #{syscode,jdbcType=VARCHAR} AND res.parent_id = #{pid,jdbcType=INTEGER}
		ORDER BY res.priority ASC, res.id ASC 
	</select>
	<!-- v2.0 end -->
	
	<!-- 获得所有子菜单 -->
	<select id="queryAllSubMenu" resultMap="ResourceMap">
		SELECT ID,CODE,NAME,URL FROM b_resource WHERE TYPE = 1 AND IS_CLICK = 1 AND YN = 1;
	</select>
</mapper>