<?xml version="1.0" encoding="UTF-8" ?>
<!DOCTYPE mapper PUBLIC "-//mybatis.org//DTD Mapper 3.0//EN" "http://mybatis.org/dtd/mybatis-3-mapper.dtd" >

<mapper namespace="MenuLogs">

    <resultMap id="menuLogsMap" type="MenuLogs">
    	<result column="ID" property="id" jdbcType="DECIMAL"/>
    	<result column="MENU_PARENT_NAME" property="menuParentName" jdbcType="VARCHAR"/>
    	<result column="MENU_NAME" property="menuName" jdbcType="VARCHAR"/>
    	<result column="MENU_URL" property="menuUrl" jdbcType="VARCHAR"/>
    	<result column="USER_ID" property="userId" jdbcType="DECIMAL"/>
    	<result column="USER_NAME" property="userName" jdbcType="VARCHAR"/>
    	<result column="CREATE_TIME" property="createTime" jdbcType="TIMESTAMP"/>
    	<result column="YN" property="yn" jdbcType="DECIMAL"/>
    </resultMap>
    
    <!-- 数据字典全量信息 -->
    <sql id="menuLogsColumns">
    	ID,  MENU_PARENT_NAME, MENU_NAME, MENU_URL, USER_ID, 
    	USER_NAME, CREATE_TIME, YN
    </sql>
     
    <!-- 创建信息 -->
    <insert id="addLog" parameterType="MenuLogs">
        insert into b_menu_logs(<include refid="menuLogsColumns"/>)
        values(null,#{menuParentName},#{menuName},#{menuUrl},#{userId},#{userName},now(),1)
    </insert>

</mapper>