<?xml version="1.0" encoding="UTF-8" ?>
<!DOCTYPE mapper PUBLIC "-//mybatis.org//DTD Mapper 3.0//EN" "http://mybatis.org/dtd/mybatis-3-mapper.dtd" >

<mapper namespace="ModifyRecord">

    <resultMap id="ModifyRecordMap" type="ModifyRecord">
    	<result column="ID" property="id" jdbcType="DECIMAL"/>
    	<result column="MODIFY_TYPE" property="modifyType" jdbcType="DECIMAL"/>
    	<result column="MODIFY_PERSON" property="modifyPerson" jdbcType="VARCHAR"/>
    	<result column="BE_MODIFIED_PERSON" property="beModifiedPerson" jdbcType="VARCHAR"/>
    	<result column="MODIFY_TIME" property="modifyTime" jdbcType="TIMESTAMP"/>
    	<result column="MODIFY_CONTENT" property="modifyContent" jdbcType="VARCHAR"/>
    	<result column="CREATE_USER" property="createUser" jdbcType="VARCHAR"/>
    	<result column="CREATE_TIME" property="createTime" jdbcType="TIMESTAMP"/>
    	<result column="UPDATE_USER" property="updateUser" jdbcType="VARCHAR"/>
    	<result column="UPDATE_TIME" property="updateTime" jdbcType="TIMESTAMP"/>
    	<result column="REMARK" property="remark" jdbcType="VARCHAR"/>
    	<result column="YN" property="yn" jdbcType="DECIMAL"/>
    	<association column="DEP_ID" property="dep" javaType="Dep" resultMap="joinDepResult"/>
    	<association column="STAFF_ID" property="staff" javaType="Staff" resultMap="StaffMap"/>
    </resultMap>
    
    <!-- 关联部门表需要的列 -->  
    <resultMap type="Dep" id="joinDepResult">  
        <id property="id" column="DEP_ID" />  
        <result property="name" column="DEP_NAME" />  
        <result property="code" column="DEP_CODE" />
        <result property="parentId" column="DEP_PARENT_ID" />
        <result property="personCharge" column="DEP_PERSON_CHARGE" />
    </resultMap>
    
    <!-- 关联员工表需要的列 -->  
    <resultMap type="Staff" id="StaffMap">
    	<id property="id" column="STAFF_ID" />
    	<result property="name" column="STAFF_NAME"/>
    	<result property="employeeNum" column="STAFF_EMPLOYEE_NUM"/>
    	<result property="csId" column="STAFF_CS_ID" />
    	<result property="dimissionReason" column="STAFF_DIMISSION_REASON"/>
    	<result property="dimissionDate" column="STAFF_DIMISSION_DATE"/>
    	<result property="jobTitleAdjustmentReason" column="STAFF_JOB_TITLE_ADJUSTMENT_REASON"/>
    	<result property="jobTitleAdjustmentDate" column="STAFF_JOB_TITLE_ADJUSTMENT_DATE"/>
    	<result property="structAdjustReason" column="STAFF_STRUCT_ADJUST_REASON"/>
    	<result property="structAdjustDate" column="STAFF_STRUCT_ADJUST_DATE"/>
    	<result property="idNumber" column="STAFF_ID_NUMBER"/>
    	<result property="phoneNo" column="STAFF_PHONE_NO"/>
    	<result property="workExperience" column="STAFF_WORK_EXPERIENCE"/>
    	<result property="csExperience" column="STAFF_CS_EXPERIENCE"/>
    	<result property="entryDate" column="STAFF_ENTRY_DATE"/>
    	<result property="birthdate" column="STAFF_BIRTHDATE"/>
    	<result property="sex" column="STAFF_SEX"/>
    	<result property="isMarried" column="STAFF_IS_MARRIED"/>
    	<result property="children" column="STAFF_CHILDREN"/>
    	<result property="graduateSchool" column="STAFF_GRADUATE_SCHOOL"/>
    	<result property="education" column="STAFF_EDUCATION"/>
    	<result property="major" column="STAFF_MAJOR"/>
    	<result property="onlineDate" column="STAFF_ONLINE_DATE"/>
    	<result property="trainingOfficer" column="STAFF_TRAINING_OFFICER"/>
    	<result property="traningSpeaker" column="STAFF_TRANING_SPEAKER"/>
    	<result property="aveScore" column="STAFF_AVE_SCORE"/>
    	<result property="score" column="STAFF_SCORE"/>
    	<result property="result" column="STAFF_RESULT"/>
    	<result property="jobTitle" column="STAFF_JOB_TITLE"/>
    	<result property="service" column="STAFF_SERVICE"/>
    	<result property="dimissionReason" column="STAFF_DIMISSION_REASON"/>
    	<result property="dimissionDate" column="STAFF_DIMISSION_DATE"/>
    	<result property="leAccount" column="STAFF_LE_ACCOUNT"/>
    </resultMap>
    
    <!-- 全量修个记录信息 -->
    <sql id="modifyRecordColumns">
    	m.ID, m.MODIFY_TYPE, m.MODIFY_PERSON,m.BE_MODIFIED_PERSON, m.MODIFY_TIME, m.MODIFY_CONTENT, m.CREATE_USER, m.CREATE_TIME, m.UPDATE_USER, m.UPDATE_TIME, m.REMARK, m.YN,
    	d.ID as DEP_ID,d.NAME as DEP_NAME,d.CODE as DEP_CODE,d.PERSON_CHARGE as DEP_PERSON_CHARGE,d.PARENT_ID as DEP_PARENT_ID,
    	s.ID as STAFF_ID,s.NAME as STAFF_NAME,s.EMPLOYEE_NUM as STAFF_EMPLOYEE_NUM,s.CS_ID as STAFF_CS_ID,s.DIMISSION_REASON as STAFF_DIMISSION_REASON,s.DIMISSION_DATE as STAFF_DIMISSION_DATE,
    		s.JOB_TITLE_ADJUSTMENT_REASON as STAFF_JOB_TITLE_ADJUSTMENT_REASON,s.JOB_TITLE_ADJUSTMENT_DATE as STAFF_JOB_TITLE_ADJUSTMENT_DATE,
    		s.STRUCT_ADJUST_REASON as STAFF_STRUCT_ADJUST_REASON,s.STRUCT_ADJUST_DATE as STAFF_STRUCT_ADJUST_DATE,s.LE_ACCOUNT as STAFF_LE_ACCOUNT
    </sql>
    
    <!-- 流水明细信息 -->
    <sql id="staffEntryFlowDetail">
    	m.ID,m.MODIFY_TYPE,m.CREATE_TIME,
    	d.ID as DEP_ID,d.NAME as DEP_NAME,d.CODE as DEP_CODE,d.PERSON_CHARGE as DEP_PERSON_CHARGE,
    	s.ID as STAFF_ID,s.NAME as STAFF_NAME,s.EMPLOYEE_NUM as STAFF_EMPLOYEE_NUM,s.ID_NUMBER as STAFF_ID_NUMBER,s.PHONE_NO as STAFF_PHONE_NO,s.WORK_EXPERIENCE as STAFF_WORK_EXPERIENCE,s.CS_EXPERIENCE as STAFF_CS_EXPERIENCE,
    	s.ENTRY_DATE as STAFF_ENTRY_DATE,s.BIRTHDATE as STAFF_BIRTHDATE,s.SEX as STAFF_SEX,s.IS_MARRIED as STAFF_IS_MARRIED,s.CHILDREN as STAFF_CHILDREN,s.GRADUATE_SCHOOL as STAFF_GRADUATE_SCHOOL,s.EDUCATION as STAFF_EDUCATION,
    	s.MAJOR as STAFF_MAJOR,s.ONLINE_DATE as STAFF_ONLINE_DATE,s.TRAINING_OFFICER as STAFF_TRAINING_OFFICER,s.TRANING_SPEAKER as STAFF_TRANING_SPEAKER,s.AVE_SCORE as STAFF_AVE_SCORE,s.SCORE as STAFF_SCORE,s.RESULT as STAFF_RESULT,
    	s.JOB_TITLE as STAFF_JOB_TITLE,s.SERVICE as STAFF_SERVICE,s.LE_ACCOUNT as STAFF_LE_ACCOUNT,
    	s.DIMISSION_REASON as STAFF_DIMISSION_REASON,s.DIMISSION_DATE as STAFF_DIMISSION_DATE
    </sql>
    
    <!-- 部分修个记录信息 -->
    <sql id="modifyRecordPartColumns">
    	ID, MODIFY_TYPE, MODIFY_PERSON,BE_MODIFIED_PERSON, MODIFY_TIME, MODIFY_CONTENT, CREATE_USER, CREATE_TIME, REMARK, YN,
    	DEP_ID,
    	STAFF_ID
    </sql>

    <!-- 创建信息 -->
    <insert id="insert" parameterType="ModifyRecord">
        insert into b_modify_record(<include refid="modifyRecordPartColumns"/>)
        values(null,#{modifyType},#{modifyPerson},#{beModifiedPerson},#{modifyTime},#{modifyContent},#{createUser},now(),#{remark},1,#{depId},#{staffId})
    </insert>

    <!-- 修改信息 -->
    <update id="update" parameterType="ModifyRecord">
        <if test="_parameter != null">
            <if test="id != null and id > 0">
                update b_modify_record set
		        <if test="modifyType != null and modifyType != ''">
                	MODIFY_TYPE = #{modifyType,jdbcType=DECIMAL},
		        </if>
		        <if test="modifyPerson != null and modifyPerson != ''">
                	MODIFY_PERSON = #{modifyPerson,jdbcType=VARCHAR},
		        </if>
		        <if test="modifyTime != null and modifyTime != ''">
                	MODIFY_TIME = #{modifyTime,jdbcType=TIMESTAMP},
		        </if>
		        <if test="modifyContent != null and modifyContent != ''">
                	MODIFY_CONTENT = #{modifyContent,jdbcType=VARCHAR},
		        </if>
		        <if test="remark != null and remark != ''">
                	REMARK = #{remark,jdbcType=VARCHAR},
		        </if>
                	update_time = now()
                where id = #{id}
            </if>
        </if>
    </update>

    <!-- 根据主键获取对象信息 -->
    <select id="getModifyRecordById" resultMap="ModifyRecordMap" parameterType="java.lang.Long">
        <if test="_parameter != null">
            select <include refid="modifyRecordColumns"/> from b_modify_record
            where id = #{_parameter}
        </if>
    </select>
    
    <!-- 根据查询Bean获取数据集合，翻页 -->
    <select id="queryModifyRecordListWithPage" resultMap="ModifyRecordMap"
            parameterType="com.letv.css.portal.domain.query.ModifyRecordQuery">
        select <include refid="modifyRecordColumns"/> from b_modify_record m 
        	left join b_dep d on m.dep_id = d.id 
        	left join b_staff s on m.staff_id = s.id 
       		where <include refid="queryModifyRecordListWhere"/>
        order by m.create_time desc 
        limit #{startIndex},#{pageSize};
    </select>

    <!-- 根据查询Bean获取集合总数 -->
    <select id="queryModifyRecordCount" resultType="java.lang.Integer"
            parameterType="com.letv.css.portal.domain.query.ModifyRecordQuery">
        select count(1) from b_modify_record m 
        	left join b_dep d on m.dep_id = d.id 
        	left join b_staff s on m.staff_id = s.id 
        	where <include refid="queryModifyRecordListWhere"/>
    </select>

	<!--  -->
	<select id="queryEntryFlow" resultMap="ModifyRecordMap" 
			parameterType="com.letv.css.portal.domain.query.ModifyRecordQuery">
		select <include refid="staffEntryFlowDetail"/> from b_modify_record m
			left join b_dep d on m.dep_id = d.id
			left join b_staff s on m.staff_id = s.id
			where <include refid="queryModifyRecordListWhere"/>
	</select>

    <!-- 删除信息 -->
    <update id="deleteModifyRecordById" parameterType="java.lang.Long">
        <if test="_parameter != null and _parameter > 0">
            update b_modify_record set yn = 0 where id = #{_parameter}
        </if>
    </update>

    <!-- 常用的查询Where条件 -->
    <sql id="queryModifyRecordListWhere">
    	m.yn = 1 
        <if test="depIds != null and depIds != ''">
            and d.ID in (${depIds})
        </if>
        <if test="depId !=null and depId != ''">
        	and m.DEP_ID = #{depId,jdbcType=DECIMAL}
        </if>
        <!-- 查询条件使用姓名和工号时，在 modifyPerson中进行匹配-->
        <if test="name != null and name != ''">
            and m.MODIFY_PERSON like concat('%',#{name,jdbcType=VARCHAR},'%')
        </if>
        <if test="csId !=null and csId!= ''">
        	and m.MODIFY_PERSON like concat('%',#{csId,jdbcType=VARCHAR},'%')
        </if>
        <if test="modifyRecordType != null and modifyRecordType != ''">
        	and m.MODIFY_TYPE = #{modifyRecordType,jdbcType=DECIMAL}
        </if>
        <if test="beModifiedName !=null and beModifiedName != ''">
        	and m.BE_MODIFIED_PERSON like concat('%',#{beModifiedName,jdbcType=VARCHAR},'%')
        </if>
        <if test="beModifiedCsId !=null and beModifiedCsId != ''">
        	and m.BE_MODIFIED_PERSON like concat('%',#{beModifiedCsId,jdbcType=VARCHAR},'%')
        </if>
        <if test="startTime != null and startTime != ''">
        	and m.CREATE_TIME <![CDATA[>=]]> str_to_date(#{startTime},'%Y-%m-%d')
        </if>
        <if test="endTime != null and endTime != ''">
        	and m.CREATE_TIME <![CDATA[<=]]> str_to_date(#{endTime},'%Y-%m-%d')
        </if>
    </sql>
</mapper>