<?xml version="1.0" encoding="UTF-8" ?>
<!DOCTYPE mapper PUBLIC "-//mybatis.org//DTD Mapper 3.0//EN" "http://mybatis.org/dtd/mybatis-3-mapper.dtd" >

<mapper namespace="PreShifts">

    <resultMap id="PreShiftsMap" type="com.letv.css.portal.domain.PreShifts">
    	<result column="ID" property="id" jdbcType="DECIMAL"/>
        <result column="DEP_ID" property="depId" jdbcType="DECIMAL"/>
        <result column="STAFF_ID" property="staffId" jdbcType="DECIMAL"/>
        <result column="CS_ID" property="csId" jdbcType="VARCHAR"/>
        <result column="BUS_ID" property="busId" jdbcType="DECIMAL"/>
        <result column="BUS_NAME" property="busName" jdbcType="VARCHAR"/>
        <result column="PLAN_DATE" property="planDate" jdbcType="TIMESTAMP"/>
        <result column="SHIFTS_ID" property="shiftsId" jdbcType="DECIMAL"/>
        <result column="STATUS" property="status" jdbcType="DECIMAL"/>

        <result column="CREATE_TIME" property="createTime" jdbcType="TIMESTAMP"/>
        <result column="CREATE_USER" property="createUser" jdbcType="VARCHAR"/>
        <result column="UPDATE_TIME" property="updateTime" jdbcType="TIMESTAMP"/>
        <result column="UPDATE_USER" property="updateUser" jdbcType="VARCHAR"/>
        <result column="REMARK" property="remark" jdbcType="VARCHAR"/>
        <result column="YN" property="yn" jdbcType="DECIMAL"/>
   		<!-- 关联部门表 -->
    	<association property="dep" column="DEP_ID"  
            javaType="Dep" resultMap="joinDepResult" />
        <!-- 关联员工表 -->
        <association property="staff" column="STAFF_ID"
        	javaType="Staff" resultMap="joinStaffResult"/>  
        <!-- 关班次工表 -->
        <association property="shifts" column="SHIFTS_ID"
        	javaType="Shifts" resultMap="joinShiftsResult"/>
    </resultMap>
    
    <!-- 关联部门表需要的列 -->  
    <resultMap type="com.letv.css.portal.domain.Dep" id="joinDepResult">
        <id property="id" column="DEP_ID" />
        <result property="name" column="DEP_NAME" />  
        <result property="code" column="DEP_CODE" />  
    </resultMap>  
   	<!-- 关联员工表所需要的列 -->
   	<resultMap type="com.letv.css.portal.domain.Staff" id="joinStaffResult">
   		<id property="id" column="STAFF_ID"/>
   		<result property="name" column="STAFF_NAME"/>
   		<result property="employeeNum" column="STAFF_EMPLOYEE_NUM"/>
   		<result property="staffContract" column="STAFF_STAFF_CONTRACT"/>
   		<result property="positionStatus" column="STAFF_POSITION_STATUS"/>
   		<result property="csId" column="STAFF_CS_ID"/>
   	</resultMap>
   	<!-- 关联员工表所需要的列 -->
   	<resultMap type="com.letv.css.portal.domain.Shifts" id="joinShiftsResult">
   		<id property="id" column="SHIFTS_ID"/>
   		<result property="shiftsName" column="SHIFTS_NAME"/>
   	</resultMap>

   
    <sql id="PreShiftsColumns">
ID, DEP_ID, STAFF_ID, Staff_name, CS_ID, BUS_ID, BUS_NAME, PLAN_DATE, SHIFTS_ID, STATUS, CREATE_USER, CREATE_TIME, UPDATE_USER, UPDATE_TIME, REMARK, YN
    </sql>
    <!-- 获取信息 -->
    <sql id="PreShiftsDepColumns">
        ps.ID, ps.STAFF_ID, ps.Staff_name, ps.CS_ID, ps.BUS_ID, ps.BUS_NAME, ps.PLAN_DATE, ps.SHIFTS_ID, ps.STATUS, ps.CREATE_USER,
        ps.CREATE_TIME, ps.UPDATE_USER, ps.UPDATE_TIME, ps.REMARK,d.ID as DEP_ID,d.NAME as DEP_NAME,d.CODE as DEP_CODE,shift.SHIFTS_NAME
    </sql>
    <!-- 获取信息 -->
    <sql id="PreShiftsDepStaffColumns">
        ps.ID, ps.STAFF_ID, ps.Staff_name, ps.CS_ID, ps.BUS_ID, ps.BUS_NAME, ps.PLAN_DATE, ps.SHIFTS_ID, ps.STATUS, ps.CREATE_USER,
        ps.CREATE_TIME, ps.UPDATE_USER, ps.UPDATE_TIME, ps.REMARK,
    	d.ID as DEP_ID,d.NAME as DEP_NAME,d.CODE as DEP_CODE,
    	s.ID as STAFF_ID,s.NAME as STAFF_NAME,s.EMPLOYEE_NUM as STAFF_EMPLOYEE_NUM,s.STAFF_CONTRACT as STAFF_STAFF_CONTRACT,s.POSITION_STATUS as STAFF_POSITION_STATUS,s.CS_ID as STAFF_CS_ID,shift.SHIFTS_NAME
    </sql>
    <sql id="PreShiftsUsedColumns">
        DEP_ID, STAFF_ID, Staff_name, CS_ID, BUS_ID, BUS_NAME, PLAN_DATE, SHIFTS_ID, STATUS, CREATE_USER, CREATE_TIME, UPDATE_USER,UPDATE_TIME, REMARK, YN
    </sql>

    <!-- 创建信息 -->
    <insert id="insert" parameterType="PreShifts" useGeneratedKeys="true" keyProperty="id">
        insert into b_pre_shifts(<include refid="PreShiftsUsedColumns"/>)
        values(#{depId},#{staffId},#{staffName},#{csId},#{busId},#{busName},#{planDate},#{shiftsId},1,#{createUser},now(),#{updateUser},#{updateTime},#{remark},1)
    </insert>

    <!-- 修改信息 -->
    <update id="update" parameterType="PreShifts">
        <if test="_parameter != null">
            <if test="id != null and id > 0">
                update b_pre_shifts set
                <if test="depId != null">
                    DEP_ID = #{depId,jdbcType=DECIMAL},
                </if>
                <if test="staffId != null and staffId != ''">
                    STAFF_ID = #{staffId,jdbcType=DECIMAL},
                </if>
		        <if test="staffName != null and staffName != ''">
                    STAFF_NAME = #{staffName,jdbcType=VARCHAR},
		        </if>
                <if test="csId != null and csId != ''">
                    CS_ID = #{csId,jdbcType=VARCHAR},
                </if>
                <if test="busId != null and busId != ''">
                    BUS_ID = #{busId,jdbcType=DECIMAL},
                </if>
		        <if test="busName != null and busName != ''">
                    BUS_NAME = #{busName,jdbcType=VARCHAR},
		        </if>
		        <if test="planDate != null and planDate != ''">
                    PLAN_DATE = #{planDate,jdbcType=TIMESTAMP},
		        </if>
		        <if test="shiftsId != null">
                    SHIFTS_ID = #{shiftsId,jdbcType=DECIMAL},
		        </if>
		        <if test="status != null">
                    STATUS = #{status,jdbcType=DECIMAL},
		        </if>
		        <if test="remark != null and remark != ''">
                	REMARK = #{remark,jdbcType=VARCHAR},
		        </if>
		        <if test="yn != null">
		        	YN = #{yn,jdbcType=DECIMAL},
		        </if>
                	update_time = now()
                where id = #{id}
            </if>
        </if>
    </update>
    

    <!-- 根据主键获取对象信息 -->
    <select id="getPreShiftsById" resultMap="PreShiftsMap" parameterType="java.lang.Long">
        <if test="_parameter != null">
            select <include refid="PreShiftsDepColumns"/> from b_pre_shifts ps left join b_dep d on ps.dep_id=d.id 	left join b_shifts shift on ps.SHIFTS_ID=shift.id
            where ps.id = #{_parameter} and ps.yn = 1
        </if>
    </select>

    <!-- 根据查询Bean获取数据集合，不带翻页 -->
    <select id="queryPreShiftsList" resultMap="PreShiftsMap"
            parameterType="com.letv.css.portal.domain.query.PreShiftsQuery">
        select <include refid="PreShiftsDepColumns"/> from b_pre_shifts ps 
        left join b_dep d on ps.dep_id=d.id 	
        left join b_shifts shift on ps.SHIFTS_ID=shift.id 
        left join b_staff s on ps.staff_id=s.id 
        where <include refid="queryPreShiftsListWhere"/>
    </select>

    <!-- 根据查询Bean获取数据集合，翻页 -->
    <select id="queryPreShiftsListWithPage" resultMap="PreShiftsMap"
            parameterType="com.letv.css.portal.domain.query.PreShiftsQuery">
        select <include refid="PreShiftsDepStaffColumns"/> from b_pre_shifts ps
        	left join b_dep d on ps.dep_id=d.id
        	left join b_staff s on ps.staff_id=s.id  
        	left join b_shifts shift on ps.SHIFTS_ID=shift.id
        	where <include refid="queryPreShiftsDepListWhere"/>
        order by id desc 
        limit #{startIndex},#{pageSize};
    </select>
    
    <!-- 根据查询Bean获取集合总数 -->
    <select id="queryPreShiftsCount" resultType="java.lang.Integer"
            parameterType="com.letv.css.portal.domain.query.PreShiftsQuery">
        select count(1) from b_pre_shifts ps
        	left join b_dep d on ps.dep_id=d.id 
        	left join b_staff s on ps.staff_id=s.id
            left join b_shifts shift on ps.SHIFTS_ID=shift.id
        	where <include refid="queryPreShiftsDepListWhere"/>
    </select>
    

    <!-- 删除信息 -->
    <update id="deletePreShiftsById" parameterType="java.lang.Long">
        <if test="_parameter != null and _parameter > 0">
            update b_pre_shifts set yn = 0 where id = #{_parameter}
        </if>
    </update>

    <!-- 常用的查询Where条件 -->
    <sql id="queryPreShiftsListWhere">
    	ps.yn =  1
        <if test="createUser != null and createUser != ''">
            and CREATE_USER like concat('%',#{createUser,jdbcType=VARCHAR},'%')
        </if>
        <if test="updateUser != null and updateUser != ''">
            and UPDATE_USER like concat('%',#{updateUser,jdbcType=VARCHAR},'%')
        </if>
        <if test="remark != null and remark != ''">
            and REMARK like concat('%',#{remark,jdbcType=VARCHAR},'%')
        </if>
        <if test="planDate != null and planDate !=''">
            and ps.PLAN_DATE = str_to_date(#{planDate},'%Y-%m-%d')
        </if>
        <if test="staffId != null">
            and ps.STAFF_ID = #{staffId,jdbcType=DECIMAL}
        </if>
        <if test="startPlanDate != null and startPlanDate !=''">
            and ps.PLAN_DATE <![CDATA[>=]]> str_to_date(#{startPlanDate},'%Y-%m-%d')
        </if>
        <if test="endPlanDate != null and endPlanDate !=''">
            and ps.PLAN_DATE <![CDATA[<=]]> str_to_date(#{endPlanDate},'%Y-%m-%d')
        </if>
        <if test="busId != null">
            and ps.BUS_ID = #{busId,jdbcType=DECIMAL}
        </if>
        <if test="depId != null and depId != ''">
            and ps.DEP_ID is not null and d.ID = #{depId,jdbcType=DECIMAL}
        </if>
        <if test="depIds != null and depIds != ''">
        	and d.ID in (${depIds})
        </if>
        <if test="jobTitle != null and jobTitle != '' ">
            and s.JOB_TITLE = #{jobTitle,jdbcType=VARCHAR}
        </if>
        <if test="jobTitles != null and jobTitles != ''">
            and s.JOB_TITLE in (#{jobTitles,jdbcType=VARCHAR})
        </if>
        <if test="status != null">
            and ps.STATUS = #{status,jdbcType=DECIMAL}
        </if>
    </sql>
    
     <!-- 常用的查询Where条件 -->
    <sql id="queryPreShiftsDepListWhere">
    	ps.yn = 1
        <if test="staffName != null and staffName != ''">
            and (s.NAME is not null and s.NAME like concat('%',#{staffName,jdbcType=VARCHAR},'%'))
        </if>
        <if test="shiftsId != null">
            and ps.SHIFTS_ID = #{shiftsId,jdbcType=DECIMAL}
        </if>
        <if test="startPlanDate != null and startPlanDate !=''">
            and ps.PLAN_DATE <![CDATA[>=]]> str_to_date(#{startPlanDate},'%Y-%m-%d')
        </if>
        <if test="endPlanDate != null and endPlanDate !=''">
            and ps.PLAN_DATE <![CDATA[<=]]> str_to_date(#{endPlanDate},'%Y-%m-%d')
        </if>
        <if test="planDate != null and planDate !=''">
            and ps.PLAN_DATE = str_to_date(#{planDate},'%Y-%m-%d')
        </if>
        <if test="busId != null">
            and ps.BUS_ID = #{busId,jdbcType=DECIMAL}
        </if>
        <if test="staffId != null">
            and ps.STAFF_ID = #{staffId,jdbcType=DECIMAL}
        </if>
        <if test="status != null">
            and ps.STATUS = #{status,jdbcType=DECIMAL}
        </if>
        <if test="code != null and code != ''">
            and d.CODE like concat(#{code,jdbcType=VARCHAR},'%')
        </if>
        <if test="depName != null and depName != ''">
            and ps.DEP_NAME is not null and d.NAME like concat('%',#{depName,jdbcType=VARCHAR},'%')
        </if>
        <if test="depId != null and depId != ''">
            and ps.DEP_ID is not null and d.ID = #{depId,jdbcType=DECIMAL}
        </if>
        <if test="depIds != null and depIds != ''">
        	and d.ID in (${depIds})
        </if>
    </sql>
    
</mapper>