<?xml version="1.0" encoding="UTF-8" ?>
<!DOCTYPE mapper PUBLIC "-//mybatis.org//DTD Mapper 3.0//EN" "http://mybatis.org/dtd/mybatis-3-mapper.dtd" >

<mapper namespace="Role">

    <resultMap id="RoleMap" type="Role">
    	<result column="ID" property="id" jdbcType="DECIMAL"/>
    	<result column="NAME" property="name" jdbcType="VARCHAR"/>
    	<result column="REMARK" property="remark" jdbcType="VARCHAR"/>
    	<result column="CREATE_TIME" property="createTime" jdbcType="TIMESTAMP"/>
    	<result column="CREATE_USER" property="createUser" jdbcType="VARCHAR"/>
    	<result column="UPDATE_TIME" property="updateTime" jdbcType="TIMESTAMP"/>
    	<result column="UPDATE_USER" property="updateUser" jdbcType="VARCHAR"/>
    	<result column="YN" property="yn" jdbcType="DECIMAL"/>
    	<result column="CODE" property="code" jdbcType="VARCHAR"/>
    </resultMap>
    
    <sql id="roleColumns">
    	ID,NAME,REMARK,CREATE_TIME,CREATE_USER,UPDATE_TIME,UPDATE_USER,YN,CODE
    </sql>
    
     <sql id="roleUsedColumns">
    	NAME,REMARK,CREATE_TIME,CREATE_USER,UPDATE_TIME,UPDATE_USER,YN,CODE
    </sql>

    <!-- 创建信息 -->
    <insert id="insert" parameterType="Role">
    	<selectKey resultType="long" keyProperty="id">
      SELECT LAST_INSERT_ID()
      </selectKey>
        insert into b_role(<include refid="roleUsedColumns"/>)
        values(#{name},#{remark},now(),#{createUser},NULL,NULL,1,#{code})
    </insert>

    <!-- 修改信息 -->
    <update id="update" parameterType="Role">
        <if test="_parameter != null">
            <if test="id != null and id > 0">
                update b_role set
		        <if test="name != null and name != ''">
                	NAME = #{name,jdbcType=VARCHAR},
		        </if>
		         <if test="code != null and code != ''">
                	CODE = #{code,jdbcType=VARCHAR},
		        </if>
		        <if test="remark != null and remark != ''">
                	REMARK = #{remark,jdbcType=VARCHAR},
		        </if>
		        <if test="updateUser != null and updateUser != ''">
                	UPDATE_USER = #{updateUser,jdbcType=VARCHAR},
		        </if>
                	update_time = now()
                where id = #{id}
            </if>
        </if>
    </update>

    <!-- 根据主键获取对象信息 -->
    <select id="getRoleById" resultMap="RoleMap" parameterType="java.lang.Long">
        <if test="_parameter != null">
            select <include refid="roleColumns"/> from b_role
            where id = #{_parameter}
        </if>
    </select>

    <!-- 根据查询Bean获取数据集合，不带翻页 -->
    <select id="queryRoleList" resultMap="RoleMap"
            parameterType="com.letv.css.portal.domain.query.RoleQuery">
        select <include refid="roleColumns"/> from b_role where <include refid="queryRoleListWhere"/>
    </select>

    <!-- 根据查询Bean获取数据集合，翻页 -->
    <select id="queryRoleListWithPage" resultMap="RoleMap"
            parameterType="com.letv.css.portal.domain.query.RoleQuery">
        select <include refid="roleColumns"/> from b_role where <include refid="queryRoleListWhere"/>
        order by id desc 
        limit #{startIndex},#{pageSize};
    </select>
    <!--查询角色列表-->
    <select id="queryRoles" resultMap="RoleMap"
            parameterType="com.letv.css.portal.domain.query.RoleQuery">
        select <include refid="roleColumns"/> from b_role where <include refid="queryRolesWhere"/>
    </select>
    <!-- 根据查询Bean获取集合总数 -->
    <select id="queryRoleCount" resultType="java.lang.Integer"
            parameterType="com.letv.css.portal.domain.query.RoleQuery">
        select count(1) from b_role where <include refid="queryRoleListWhere"/>
    </select>

    <!-- 删除信息 -->
    <update id="deleteRoleById" parameterType="java.lang.Long">
        <if test="_parameter != null and _parameter > 0">
            update b_role set yn = 0 where id = #{_parameter}
        </if>
    </update>

    <!-- 常用的查询Where条件 -->
    <sql id="queryRoleListWhere">
    	yn = 1
        <if test="name != null and name != ''">
            and NAME like concat('%',#{name,jdbcType=VARCHAR},'%')
        </if>
        <if test="remark != null and remark != ''">
            and REMARK like concat('%',#{remark,jdbcType=VARCHAR},'%')
        </if>
        <if test="createUser != null and createUser != ''">
            and CREATE_USER like concat('%',#{createUser,jdbcType=VARCHAR},'%')
        </if>
        <if test="updateUser != null and updateUser != ''">
            and UPDATE_USER like concat('%',#{updateUser,jdbcType=VARCHAR},'%')
        </if>
        <if test="startTime != null and startTime != ''">
            and create_time <![CDATA[>=]]> str_to_date(#{startTime},'%Y-%m-%d %H:%i:%s')
        </if>
        <if test="endTime != null and endTime != ''">
            and create_time<![CDATA[<=]]> str_to_date(#{endTime},'%Y-%m-%d %H:%i:%s')
        </if>
    </sql>
    <!-- 常用的精确查询Where条件 -->
    <sql id="queryRolesWhere">
        yn = 1
        <if test="name != null and name != ''">
            and NAME = #{name,jdbcType=VARCHAR}
        </if>
        <if test="remark != null and remark != ''">
            and REMARK = #{remark,jdbcType=VARCHAR}
        </if>
        <if test="createUser != null and createUser != ''">
            and CREATE_USER = #{createUser,jdbcType=VARCHAR}
        </if>
        <if test="updateUser != null and updateUser != ''">
            and UPDATE_USER = #{updateUser,jdbcType=VARCHAR}
        </if>
        <if test="startTime != null and startTime != ''">
            and create_time <![CDATA[>=]]> str_to_date(#{startTime},'%Y-%m-%d %H:%i:%s')
        </if>
        <if test="endTime != null and endTime != ''">
            and create_time<![CDATA[<=]]> str_to_date(#{endTime},'%Y-%m-%d %H:%i:%s')
        </if>
    </sql>
    <!-- 查询用户已配置的角色信息 -->
    <select id="queryConfigedRoleList" resultMap="RoleMap"
            parameterType="com.letv.css.portal.domain.query.UserRoleQuery">
        select <include refid="roleColumns"/> FROM b_role 
		WHERE yn=1 AND id IN (
			SELECT r_id FROM b_user_role WHERE yn=1 AND u_id = #{userId}
		)
    </select>
    
    <!-- 查询可用的（用户未已配置的）角色信息 -->
    <select id="queryAvailableRoleList" resultMap="RoleMap"
            parameterType="com.letv.css.portal.domain.query.UserRoleQuery">
        select <include refid="roleColumns"/> FROM b_role 
		WHERE yn=1 AND id NOT IN (
			SELECT r_id FROM b_user_role WHERE yn=1 AND u_id = #{userId}
		)
    </select>


    <!-- 查询资源对应的角色 -->
    <select id="queryResourceConfigedRoleList" resultMap="RoleMap"
            parameterType="com.letv.css.portal.domain.query.ResourceRoleQuery">
        select <include refid="roleColumns"/> FROM b_role
        WHERE yn=1 AND id IN (
        SELECT role_id FROM b_role_res WHERE yn=1 AND res_id = #{resId}
        )
    </select>

    <!-- 查询未分配此资源的角色 -->
    <select id="queryResourceAvailableRoleList" resultMap="RoleMap"
            parameterType="com.letv.css.portal.domain.query.ResourceRoleQuery">
        select <include refid="roleColumns"/> FROM b_role
        WHERE yn=1 AND id NOT IN (
        SELECT role_id FROM b_role_res WHERE yn=1 AND res_id = #{resId}
        )
    </select>
</mapper>