<?xml version="1.0" encoding="UTF-8" ?>
<!DOCTYPE mapper PUBLIC "-//mybatis.org//DTD Mapper 3.0//EN" "http://mybatis.org/dtd/mybatis-3-mapper.dtd" >

<mapper namespace="SchedulingInfo">

    <resultMap id="SchedulingInfoMap" type="schedulingInfo">
    	<result column="ID" property="id" jdbcType="DECIMAL"/>
        <result column="SP_ID" property="spId" jdbcType="DECIMAL"/>
        <result column="DEP_ID" property="depId" jdbcType="DECIMAL"/>
    	<result column="CS_ID" property="csId" jdbcType="VARCHAR"/>
        <result column="BUS_ID" property="busId" jdbcType="DECIMAL"/>
    	<result column="BUS_NAME" property="busName" jdbcType="VARCHAR"/>
    	<result column="PLAN_DATE" property="planDate" jdbcType="TIMESTAMP"/>
    	<result column="BEGIN_TIME" property="beginTime" jdbcType="TIMESTAMP"/>
    	<result column="END_TIME" property="endTime" jdbcType="TIMESTAMP"/>
    	<result column="MEAL_STANDARD" property="mealStandard" jdbcType="DECIMAL"/>
        <result column="STAFF_ID" property="staffId" jdbcType="DECIMAL"/>
        <result column="CREATE_TIME" property="createTime" jdbcType="TIMESTAMP"/>
        <result column="CREATE_USER" property="createUser" jdbcType="VARCHAR"/>
        <result column="UPDATE_TIME" property="updateTime" jdbcType="TIMESTAMP"/>
        <result column="UPDATE_USER" property="updateUser" jdbcType="VARCHAR"/>
        <result column="REMARK" property="remark" jdbcType="VARCHAR"/>
        <result column="YN" property="yn" jdbcType="DECIMAL"/>
    	<!-- <association column="S_ID" property="schedule" javaType="Schedule" resultMap="joinScheduleResult" />
    	<association column="SD_ID" property="scheduleDetail" javaType="ScheduleDetail" resultMap="joinScheduleDetailResult" /> -->
    	<association column="DEP_ID" property="dep" javaType="Dep" resultMap="joinDepResult" />
    	<association column="STAFF_ID" property="staff" javaType="Staff" resultMap="joinStaffResult" />
    	<association column="SHIFTS_ID" property="shifts" javaType="Shifts" resultMap="joinShiftsResult" />
    	<association column="PERIOD_ID" property="shiftsPeriod" javaType="ShiftsPeriod" resultMap="joinShiftsPeriodResult" />
    </resultMap>

    <!--   
    <resultMap type="schedule" id="joinScheduleResult">
    	<id property="id" column="SCHEDULE_ID" />  
    </resultMap>
    
    
    <resultMap type="scheduleDetail" id="joinScheduleDetailResult">
    	<id property="id" column="SCHEDULE_DETAIL_ID" />  
    </resultMap> -->
    
    <!-- 关联部门表需要的列 -->  
    <resultMap type="Dep" id="joinDepResult">
    	<id property="id" column="DEP_ID" />  
        <result property="name" column="DEP_NAME" />  
        <result property="code" column="DEP_CODE" />
        <result property="parentId" column="DEP_PARENT_ID" />
        <result property="personCharge" column="DEP_PERSON_CHARGE" />
    </resultMap>

    <!-- 关联员工表需要的列 -->
    <resultMap type="staff" id="joinStaffResult">
    	<id property="id" column="STAFF_ID" />  
        <result property="name" column="STAFF_NAME" />
        <result property="csId" column="STAFF_CS_ID" /> 
    </resultMap>
    
    <!-- 关联班次表需要的列 -->  
    <resultMap type="shifts" id="joinShiftsResult">
    	<id property="id" column="SHIFTS_ID" />  
        <result property="shiftsName" column="SHIFTS_SHIFTS_NAME" />
    </resultMap>
    
    <!-- 关联班段表需要的列 -->  
    <resultMap type="shiftsPeriod" id="joinShiftsPeriodResult">
    	<id property="id" column="PERIOD_ID" />  
        <result property="periodName" column="PERIOD_PERIOD_NAME" />
    </resultMap>

 	<!-- 排班表全量信息 -->
    <sql id="schedulingInfoColumns">
    	ID,SP_ID, S_ID, SD_ID, DEP_ID, STAFF_ID, CS_ID, BUS_ID,BUS_NAME, PLAN_DATE, SHIFTS_ID, PERIOD_ID, BEGIN_TIME, END_TIME, MEAL_STANDARD, CREATE_USER, CREATE_TIME, UPDATE_USER, UPDATE_TIME, REMARK, YN
    </sql>
    <sql id="schedulingInfoSIColumns">
    	si.ID, si.SP_ID,si.S_ID, si.SD_ID, si.DEP_ID, si.STAFF_ID, si.CS_ID, si.BUS_ID,si.BUS_NAME, si.PLAN_DATE, si.SHIFTS_ID, si.PERIOD_ID, si.BEGIN_TIME, si.END_TIME, si.MEAL_STANDARD, si.CREATE_USER, si.CREATE_TIME, si.UPDATE_USER, si.UPDATE_TIME, si.REMARK, si.YN,
    	d.ID as DEP_ID,d.NAME as DEP_NAME,d.CODE as DEP_CODE,d.PARENT_ID as DEP_PARENT_ID,d.PERSON_CHARGE as DEP_PERSON_CHARGE,
    	staff.ID as STAFF_ID,staff.NAME as STAFF_NAME,staff.CS_ID as STAFF_CS_ID,
    	shifts.ID as SHIFTS_ID,shifts.SHIFTS_NAME as SHIFTS_SHIFTS_NAME,
    	sp.ID as PERIOD_ID,sp.PERIOD_NAME as PERIOD_PERIOD_NAME
    </sql>

    <!-- 修改班表导入记录 -->
    <update id="update" parameterType="com.letv.css.portal.domain.query.SchedulingInfoQuery">
    	<if test="_parameter!=null">
    		<if test="id!=null and id>0">
    			update b_scheduling_info set
    			<if test="depId != null and depId != ''">
    				DEP_ID = #{depId,jdbcType=DECIMAL},
    			</if>
    			<if test="beginTime != null and beginTime != ''">
    				BEGIN_TIME = #{beginTime,jdbcType=TIMESTAMP},
    			</if>
    			<if test="endTime != null and endTime != ''">
    				END_TIME = #{endTime,jdbcType=TIMESTAMP},
    			</if>
                <if test="adjBeginTime != null and adjBeginTime != ''">
                    BEGIN_TIME = SEC_TO_TIME(TIME_TO_SEC(BEGIN_TIME)+ #{adjBeginTime,jdbcType=DECIMAL}*60),
                </if>
                <if test="adjEndTime != null and adjEndTime != ''">
                    END_TIME = SEC_TO_TIME(TIME_TO_SEC(END_TIME)+ #{adjEndTime,jdbcType=DECIMAL}*60),
                </if>
                <if test="csId != null and csId != ''">
                    CS_ID = #{csId,jdbcType=VARCHAR},
                </if>
                <if test="spId != null">
                    SP_ID = #{spId,jdbcType=DECIMAL},
                </if>
                <if test="staffId != null and staffId != ''">
                    STAFF_ID = #{staffId,jdbcType=DECIMAL},
                </if>
    			<if test="updateUser != null and updateUser != ''">
    				UPDATE_USER = #{updateUser,jdbcType=VARCHAR},
    			</if>
                <if test="planDate != null and planDate != ''">
                    PLAN_DATE = #{planDate,jdbcType=TIMESTAMP},
                </if>
    			<if test="remark != null and remark != ''">
                    REMARK = #{remark,jdbcType=VARCHAR},
    			</if>
    			<if test="yn != null">
    				YN = #{yn,jdbcType=DECIMAL},
    			</if>
    				update_time = now()
                where id = #{id}
    		</if>
    	</if>
    </update>

    <!-- 创建信息 -->
    <insert id="insert" parameterType="SchedulingInfo" useGeneratedKeys="true" keyProperty="id">
        <selectKey resultType ="java.lang.Long" keyProperty= "id" order= "AFTER">
            SELECT LAST_INSERT_ID()
        </selectKey>
        insert into b_scheduling_info(<include refid="schedulingInfoColumns"/>)
        values(null,#{spId},#{sId},#{sdId},#{depId},#{staffId},#{csId},#{busId},#{busName},#{planDate},#{shiftsId},#{periodId},#{beginTime},#{endTime},#{mealStandard},#{createUser},now(),#{updateUser},#{updateTime},#{remark},#{yn})
    </insert>
    
    <!-- 创建信息 -->
    <insert id="inserts" parameterType="java.util.List" useGeneratedKeys="true" keyProperty="id">
    	<selectKey resultType ="java.lang.Long" keyProperty= "id" order= "AFTER">
			SELECT LAST_INSERT_ID()
        </selectKey>
        insert into b_scheduling_info(<include refid="schedulingInfoColumns"/>)
        values
        <foreach collection="list" item="item" index="index" separator=",">
        (null,#{item.sId},#{item.sdId},#{item.depId},#{item.staffId},#{item.csId},#{item.busName},#{item.planDate},#{item.shiftsId},#{item.periodId},#{item.beginTime},#{item.endTime},#{item.mealStandard},#{item.createUser},now(),#{item.updateUser},#{item.updateTime},#{item.remark},1)
        </foreach>
    </insert>


    <!-- 根据主键获取对象信息 -->
    <select id="getSchedulingInfoById" resultMap="SchedulingInfoMap" parameterType="java.lang.Long">
        <if test="_parameter != null">
            select <include refid="schedulingInfoColumns"/> from b_scheduling_info
            where id = #{_parameter} and yn = 1
        </if>
    </select>
    
    <!-- 根据查询Bean获取数据集合，不带翻页 -->
    <select id="querySchedulingInfoList" resultMap="SchedulingInfoMap"
            parameterType="com.letv.css.portal.domain.query.SchedulingInfoQuery">
        select <include refid="schedulingInfoSIColumns"/> from b_scheduling_info si
        left join b_scheduling s on si.s_id = s.id
        left join b_scheduling_detail sd on si.sd_id = sd.id
        left join b_dep d on si.dep_id = d.id 
        left join b_staff staff on si.staff_id = staff.id 
        left join b_shifts shifts on si.shifts_id = shifts.id 
        left join b_shifts_period sp on si.period_id = sp.id
        where <include refid="querySchedulingInfoListWhere"/>
        order by si.plan_date 
    </select>

    <!-- 根据查询Bean获取数据集合，翻页 -->
    <select id="querySchedulingInfoListWithPage" resultMap="SchedulingInfoMap"
            parameterType="com.letv.css.portal.domain.query.SchedulingInfoQuery">
        select <include refid="schedulingInfoSIColumns"/> from b_scheduling_info si
        left join b_scheduling s on si.s_id = s.id
        left join b_scheduling_detail sd on si.sd_id = sd.id
        left join b_dep d on si.dep_id = d.id 
        left join b_staff staff on si.staff_id = staff.id 
        left join b_shifts shifts on si.shifts_id = shifts.id 
        left join b_shifts_period sp on si.period_id = sp.id
        where <include refid="querySchedulingInfoListWhere"/>
        order by si.plan_date 
        limit #{startIndex},#{pageSize};
    </select>

    <!-- 根据查询Bean获取集合总数 -->
    <select id="querySchedulingInfoCount" resultType="java.lang.Integer"
            parameterType="com.letv.css.portal.domain.query.SchedulingInfoQuery">
        select count(1) from b_scheduling_info si
        left join b_scheduling s on si.s_id = s.id
        left join b_scheduling_detail sd on si.sd_id = sd.id
        left join b_dep d on si.dep_id = d.id 
        left join b_staff staff on si.staff_id = staff.id 
        left join b_shifts shifts on si.shifts_id = shifts.id 
        left join b_shifts_period sp on si.period_id = sp.id
        where <include refid="querySchedulingInfoListWhere"/>
    </select>
    
    <!-- 根据调整的起始时间和结束时间、业务线、以及排班日期，查找符合条件的排班详细信息 -->
    <!-- 注意开始时间和结束时间的比较 -->
    <select id="querySchedulingInfoByTime" parameterType="com.letv.css.portal.domain.SchedulingInfo" resultMap="SchedulingInfoMap">
    	select <include refid="schedulingInfoColumns" />
    	from b_scheduling_info 
    	where bus_name = #{busName} and plan_date = #{planDate}
    	and begin_time <![CDATA[<=]]> #{endTime} and end_time <![CDATA[>=]]> #{beginTime}
    </select>

    <!-- 常用的查询Where条件 s.id IS NULL(通过加班增加的数据) OR s.`STATUS`=3 （导入产生的数据）-->
    <sql id="querySchedulingInfoListWhere">
        1 = 1
        AND (s.id IS NULL OR s.`STATUS`=3)
        <if test="yn == null">
            and si.yn = 1
        </if>
        <if test="yn != null and yn != 3">
            and si.yn = #{yn,jdbcType=DECIMAL}
        </if>
    	<if test="id != null and id != ''">
    		and si.id = #{id}
    	</if>
    	<if test="ids != null and ids != ''">
    		and si.id in (${ids})
    	</if>
        <if test="depId != null and depId != ''">
            and si.DEP_ID = #{depId,jdbcType=DECIMAL}
        </if>
        <if test="code !=null and code != ''">
        	and d.code like concat(#{code,jdbcType=VARCHAR},'%')
        </if>
        <if test="depIds != null and depIds != ''">
            and d.ID in (${depIds})
        </if>
        <if test="shiftsId != null and shiftsId != ''">
        	and si.SHIFTS_ID = #{shiftsId,jdbcType=DECIMAL}
        </if>
        <if test="shiftPeriodId != null and shiftPeriodId != ''">
        	and si.PERIOD_ID = #{shiftPeriodId,jdbcType=DECIMAL}
        </if>
        <if test="staffId != null and staffId != ''">
        	and si.STAFF_ID = #{staffId,jdbcType=DECIMAL}
        </if>
        <if test="staffName != null and staffName != ''">
        	and staff.NAME = #{staffName,jdbcType=VARCHAR}
        </if>
        <if test="busName != null and busName != ''">
        	and si.BUS_NAME = #{busName,jdbcType=VARCHAR}
        </if>
        <if test="startTime != null and startTime != ''">
        	and si.BEGIN_TIME <![CDATA[>=]]> #{startTime}
        </if>
        <if test="endTime != null and endTime != ''">
        	and si.END_TIME <![CDATA[<=]]> #{endTime}
        </if>
        <if test="onTime != null and onTime != ''">
        	and si.BEGIN_TIME <![CDATA[<=]]> #{onTime} and si.END_TIME <![CDATA[>=]]> #{onTime}
        </if>
        <if test="planDate != null and planDate != ''">
        	and si.PLAN_DATE = #{planDate,jdbcType=VARCHAR}
        </if>
        <if test="mealStandard != null">
        	and si.MEAL_STANDARD = #{mealStandard,jdbcType=DECIMAL}
        </if>
    </sql>
    <!--支援、加班申请生效更新排班信息-->
    <update id="updateByApplyFlow" parameterType="SchedulingInfoQuery">
        <if test="jdId != null and jdId != ''">
            UPDATE b_scheduling_info
            SET
            <if test="busName != null and busName != ''">
                BUS_NAME=#{busName,jdbcType=VARCHAR},
            </if>
            <if test="startTime != null and startTime != ''">
                BEGIN_TIME=#{startTime,jdbcType=TIMESTAMP},
            </if>
            <if test="endTime != null and endTime != ''">
                END_TIME=#{endTime,jdbcType=TIMESTAMP},
            </if>
            <if test="mealStandard != null">
                MEAL_STANDARD = #{mealStandard,jdbcType=DECIMAL},
            </if>
            <if test="yn != null">
                YN = #{yn,jdbcType=DECIMAL},
            </if>
            <if test="updateUser != null and updateUser != ''">
                UPDATE_USER = #{updateUser,jdbcType=VARCHAR},
            </if>
            update_time = now()
            WHERE
            1=1
            <if test="remark !=null and remark!='增加班次确认'">
                and `YN` = 1
            </if>
            and `ID` IN(
            SELECT am.`SI_ID` FROM b_approval_manage am
            WHERE am.`CONFIRM`='1' AND am.`JD_ID`=#{jdId,jdbcType=DECIMAL}
            )
        </if>
    </update>
</mapper>