<?xml version="1.0" encoding="UTF-8" ?>
<!DOCTYPE mapper PUBLIC "-//mybatis.org//DTD Mapper 3.0//EN" "http://mybatis.org/dtd/mybatis-3-mapper.dtd" >

<mapper namespace="SchedulePlanDetail">

    <resultMap id="SchedulePlanDetailMap" type="SchedulePlanDetail">
    	<result column="ID" property="id" jdbcType="DECIMAL"/>
    	<result column="MEAL_STANDARD" property="mealStandard" jdbcType="DECIMAL"/>
    	<result column="BUS_ID" property="busId" jdbcType="DECIMAL"/>
    	<result column="PLAN_DATE" property="planDate" jdbcType="TIMESTAMP"/>
    	<result column="NUM" property="num" jdbcType="DECIMAL"/>
    	<result column="CREATE_TIME" property="createTime" jdbcType="TIMESTAMP"/>
    	<result column="CREATE_USER" property="createUser" jdbcType="VARCHAR"/>
    	<result column="UPDATE_TIME" property="updateTime" jdbcType="TIMESTAMP"/>
    	<result column="UPDATE_USER" property="updateUser" jdbcType="VARCHAR"/>
    	<result column="REMARK" property="remark" jdbcType="VARCHAR"/>
    	<result column="YN" property="yn" jdbcType="DECIMAL"/>
        <result column="DEP_ID" property="depId" jdbcType="DECIMAL"/>
        <result column="SHIFTS_ID" property="shiftsId" jdbcType="DECIMAL"/>
    	
    	<result column="SCHEDULE_COUNT" property="scheduleCount" jdbcType="DECIMAL"/>
    	
    	<association column="DEP_ID" property="dep" javaType="Dep" resultMap="joinDepResult" />
    	<association column="SP_ID" property="schedulePlan" javaType="SchedulePlan" resultMap="joinSchedulePlanResult" />
    	<association column="SHIFTS_ID" property="shifts" javaType="Shifts" resultMap="joinShiftsResult" />
    </resultMap>
    
    <!-- 关联部门表需要的列 -->  
    <resultMap type="Dep" id="joinDepResult">
    	<id property="id" column="DEP_ID" />  
        <result property="name" column="DEP_NAME" />  
        <result property="code" column="DEP_CODE" />
        <result property="parentId" column="DEP_PARENT_ID" />
        <result property="personCharge" column="DEP_PERSON_CHARGE" />
    </resultMap>
    
    <!-- 关联总班表记录表需要的列 -->  
    <resultMap type="SchedulePlan" id="joinSchedulePlanResult">
    	<id property="id" column="SP_ID" />  
        <result property="beginTime" column="SP_BEGIN_TIME"/>
    	<result property="endTime" column="SP_END_TIME"/>
    	<result property="status" column="SP_STATUS"/>
    	<result property="createTime" column="SP_CREATE_TIME"/>
    	<result property="createUser" column="SP_CREATE_USER"/>
    	<result property="updateTime" column="SP_UPDATE_TIME"/>
    	<result property="updateUser" column="SP_UPDATE_USER"/>
    </resultMap>
    
    <!-- 关联班次表需要的列 -->
    <resultMap type="Shifts" id="joinShiftsResult">
    	<id property="id" column="SHIFTS_ID" />
    	<result property="shiftsName" column="SHIFTS_NAME"/>
    </resultMap>
    

    <!-- 总班表详细数据全量信息 -->
    <sql id="schedulePlanDetailColumns">
    	ID, SP_ID, DEP_ID, SHIFTS_ID, MEAL_STANDARD, BUS_ID, PLAN_DATE, NUM, 
    	CREATE_USER, CREATE_TIME, UPDATE_USER, UPDATE_TIME, REMARK, YN
    </sql>
    <sql id="schedulePlanDetailColumnsForSearch">
    	spd.ID, spd.SP_ID, spd.DEP_ID, spd.SHIFTS_ID, spd.MEAL_STANDARD, spd.BUS_ID, spd.PLAN_DATE, spd.NUM, 
    	spd.CREATE_USER, spd.CREATE_TIME, spd.UPDATE_USER, spd.UPDATE_TIME, spd.REMARK, spd.YN,
    	d.ID as DEP_ID,d.NAME as DEP_NAME,d.CODE as DEP_CODE,d.PARENT_ID as DEP_PARENT_ID,d.PERSON_CHARGE as DEP_PERSON_CHARGE,
    	sp.ID as SP_ID,sp.BEGIN_TIME as SP_BEGIN_TIME,sp.END_TIME as SP_END_TIME,sp.STATUS as SP_STATUS,sp.CREATE_TIME as SP_CREATE_TIME,sp.CREATE_USER as SP_CREATE_USER,sp.UPDATE_TIME as SP_UPDATE_TIME,sp.UPDATE_USER as SP_UPDATE_USER,
    	s.ID as SHIFTS_ID,s.SHIFTS_NAME as SHIFTS_NAME
    </sql>
    
    <!-- 总班表详细数据部分信息 -->
    <sql id="schedulePlanDetailPartColumns">
    	SP_ID, DEP_ID, SHIFTS_ID, MEAL_STANDARD, BUS_ID, PLAN_DATE, NUM, 
    	CREATE_USER, CREATE_TIME, UPDATE_USER, UPDATE_TIME, REMARK, YN
    </sql>
    

    <!-- 插入数据 -->
    <insert id="insert" parameterType="SchedulePlanDetail" useGeneratedKeys="true" keyProperty="id">
        insert into b_scheduling_plan_detail(<include refid="schedulePlanDetailColumns"/>)
        values(null,#{spId},#{depId},#{shiftsId},#{mealStandard},#{busId},#{planDate},#{num},
        		#{createUser},now(),#{updateUser},#{updateTime},#{remark},1)
    </insert>
    
    <!-- 插入多条数据 -->
    <insert id="inserts" parameterType="java.util.List" useGeneratedKeys="true" keyProperty="id">
    	<selectKey resultType ="java.lang.Long" keyProperty= "id" order= "AFTER">
			SELECT LAST_INSERT_ID()
        </selectKey>
        insert into b_scheduling_plan_detail(<include refid="schedulePlanDetailColumns"/>)
        values
        <foreach collection="list" item="item" index="index" separator=",">
        	(#{item.id},#{item.spId},#{item.depId},#{item.shiftsId},#{item.mealStandard},#{item.busId},#{item.planDate},#{item.num},
        		#{item.createUser},now(),#{item.updateUser},#{item.updateTime},#{item.remark},1)
        </foreach>
    </insert>

	<!-- 通过insert实现批量标记删除（修改） -->
	<insert id="batchDelete" parameterType="java.util.List">
		insert into b_scheduling_plan_detail(id,yn) values
		<foreach collection="list" item="item" index="index" separator=",">
			(#{item.id},0)
		</foreach>
		on duplicate key update yn=values(yn); 
	</insert>

    <!-- 根据查询Bean获取数据集合，不带翻页 -->
    <select id="querySchedulePlanDetailList" resultMap="SchedulePlanDetailMap"
            parameterType="com.letv.css.portal.domain.query.SchedulePlanDetailQuery">
        select IFNULL(sd.SCHEDULE_COUNT,0) as SCHEDULE_COUNT,<include refid="schedulePlanDetailColumnsForSearch"/> from b_scheduling_plan_detail spd
        left join b_dep d on spd.dep_id = d.id
        left join b_scheduling_plan sp on spd.sp_id = sp.id
        left join b_shifts s on spd.id = s.id
        
        LEFT JOIN (select count(1) as SCHEDULE_COUNT,sch.SP_ID,schd.SHIFTS_ID,schd.PLAN_DATE 
        from b_scheduling_detail schd 
        LEFT JOIN b_scheduling sch ON sch.ID = schd.S_ID 
        where schd.YN = 1 and schd.staff_id is not null 
        GROUP BY schd.S_ID,schd.SHIFTS_ID,schd.PLAN_DATE) sd ON 
        sd.SHIFTS_ID = spd.SHIFTS_ID AND sd.PLAN_DATE = spd.PLAN_DATE AND sd.SP_ID = spd.SP_ID
        
        where <include refid="querySchedulePlanDetailListWhere"/>
        ORDER by spd.shifts_id,spd.plan_date
    </select>
    <!-- 根据查询Bean获取数据集合，翻页 -->
    <select id="querySchedulePlanDetailListWithPage" resultMap="SchedulePlanDetailMap"
            parameterType="com.letv.css.portal.domain.query.SchedulePlanDetailQuery">
        select <include refid="schedulePlanDetailColumns"/> from b_scheduling_plan_detail spd
        where <include refid="querySchedulePlanDetailListWhere"/>
        limit #{startIndex},#{pageSize};
    </select>

    <!-- 根据查询Bean获取集合总数 -->
    <select id="querySchedulePlanDetailCount" resultType="java.lang.Integer"
            parameterType="com.letv.css.portal.domain.query.SchedulePlanDetailQuery">
        select count(1) from b_scheduling_plan_detail spd where <include refid="querySchedulePlanDetailListWhere"/>
    </select>
    

    <!-- 常用的查询Where条件 -->
    <sql id="querySchedulePlanDetailListWhere">
    	spd.yn = 1
    	<if test="spId != null and spId != ''">
            and spd.SP_ID = #{spId,jdbcType=DECIMAL}
        </if>
        <if test="depId != null and depId != ''">
            and spd.DEP_ID = #{depId,jdbcType=DECIMAL}
        </if>
        <if test="shiftsId != null and shiftsId != ''">
        	and spd.SHIFTS_ID = #{shiftsId,jdbcType=DECIMAL}
        </if>
        <if test="busId != null and busId != ''">
        	and spd.BUS_ID = #{busId,jdbcType=DECIMAL}
        </if>
        <if test="planDate != null and planDate != ''">
        	and spd.PLAN_DATE = #{planDate,jdbcType=TIMESTAMP}
        </if>
        <if test="querylanDate !=null">
            and spd.PLAN_DATE in
            <foreach collection="querylanDate"  open="(" close=")" item="item" index="index" separator=",">
                #{item,jdbcType=TIMESTAMP}
            </foreach>
        </if>
    </sql>
</mapper>