<?xml version="1.0" encoding="UTF-8" ?>
<!DOCTYPE mapper PUBLIC "-//mybatis.org//DTD Mapper 3.0//EN" "http://mybatis.org/dtd/mybatis-3-mapper.dtd" >

<mapper namespace="ScheduleDetail">

    <resultMap id="ScheduleDetailMap" type="ScheduleDetail">
        <result column="ID" property="id" jdbcType="DECIMAL"/>
        <result column="SP_ID" property="spId" jdbcType="DECIMAL"/>
        <result column="BUS_ID" property="busId" jdbcType="DECIMAL"/>
        <result column="S_ID" property="sId" jdbcType="DECIMAL"/>
        <result column="DEP_ID" property="depId" jdbcType="DECIMAL"/>
        <result column="DEP_NAME" property="depName" jdbcType="VARCHAR"/>
        <result column="CS_ID" property="csId" jdbcType="VARCHAR"/>
        <result column="U_NAME" property="uName" jdbcType="VARCHAR"/>
        <result column="JOB_TITLE_NAME" property="jobTitleName" jdbcType="VARCHAR"/>
        <result column="BUS_NAME" property="busName" jdbcType="VARCHAR"/>
        <result column="LEADER_NAME" property="leaderName" jdbcType="VARCHAR"/>
        <result column="PLAN_DATE" property="planDate" jdbcType="TIMESTAMP"/>
        <result column="SHIFTS_NAME" property="shiftsName" jdbcType="VARCHAR"/>
        <result column="CREATE_TIME" property="createTime" jdbcType="TIMESTAMP"/>
        <result column="CREATE_USER" property="createUser" jdbcType="VARCHAR"/>
        <result column="UPDATE_TIME" property="updateTime" jdbcType="TIMESTAMP"/>
        <result column="UPDATE_USER" property="updateUser" jdbcType="VARCHAR"/>
        <result column="REMARK" property="remark" jdbcType="VARCHAR"/>
        <result column="YN" property="yn" jdbcType="DECIMAL"/>
        <result column="DEP_ID" property="depId" jdbcType="DECIMAL"/>
        <result column="SHIFTS_ID" property="shiftsId" jdbcType="DECIMAL"/>
        <association column="DEP_ID" property="dep" javaType="Dep" resultMap="joinDepResult"/>
        <association column="S_ID" property="schedule" javaType="Schedule" resultMap="joinScheduleResult"/>
        <association column="SHIFTS_ID" property="shifts" javaType="Shifts" resultMap="joinShiftsResult"/>
        <association column="STAFF_ID" property="staff" javaType="Staff" resultMap="joinStaffResult"/>
    </resultMap>

    <!-- 关联部门表需要的列 -->
    <resultMap type="Dep" id="joinDepResult">
        <id property="id" column="DEP_ID"/>
        <result property="name" column="DEP_NAME"/>
        <result property="code" column="DEP_CODE"/>
        <result property="parentId" column="DEP_PARENT_ID"/>
        <result property="personCharge" column="DEP_PERSON_CHARGE"/>
    </resultMap>

    <!-- 关联BPO排班表记录表需要的列 -->
    <resultMap type="Schedule" id="joinScheduleResult">
        <id property="id" column="S_ID"/>
        <result property="beginTime" column="SP_BEGIN_TIME"/>
        <result property="endTime" column="SP_END_TIME"/>
        <result property="createTime" column="SP_CREATE_TIME"/>
        <result property="createUser" column="SP_CREATE_USER"/>
        <result property="updateTime" column="SP_UPDATE_TIME"/>
        <result property="updateUser" column="SP_UPDATE_USER"/>
    </resultMap>

    <!-- 关联班次表需要的列 -->
    <resultMap type="Shifts" id="joinShiftsResult">
        <id property="id" column="SHIFTS_ID"/>
        <result property="shiftsName" column="SHIFTS_NAME"/>
    </resultMap>

    <!-- 关联员工表需要的列-->
    <resultMap type="Staff" id="joinStaffResult">
        <id property="id" column="STAFF_ID"/>
        <result column="NAME" property="name"/>

        <result column="CS_ID" property="csId"/>
        <result column="EMPLOYEE_NUM" property="employeeNum"/>
        <result column="U_ID" property="uId"/>

        <result column="DEP_ID" property="depId"/>
        <result column="POSITION_STATUS" property="positionStatus"/>
        <result column="YN" property="yn"/>
    </resultMap>

    <!-- BPO排班表详细数据全量信息 -->
    <sql id="scheduleDetailColumns">
        ID, S_ID, DEP_ID, DEP_NAME, STAFF_ID, CS_ID, U_NAME,JOB_TITLE_NAME,BUS_ID, BUS_NAME, LEADER_NAME, PLAN_DATE, SHIFTS_ID,
        SHIFTS_NAME,  CREATE_USER, CREATE_TIME, UPDATE_USER, UPDATE_TIME, REMARK, YN
    </sql>

    <!-- BPO排班表详细数据部分信息 -->
    <sql id="scheduleDetailPartColumns">
        S_ID, DEP_ID, DEP_NAME, STAFF_ID, CS_ID, U_NAME,JOB_TITLE_NAME, BUS_ID,BUS_NAME, LEADER_NAME, PLAN_DATE, SHIFTS_ID,
        SHIFTS_NAME, CREATE_USER, CREATE_TIME, UPDATE_USER, UPDATE_TIME, REMARK, YN
    </sql>
    <sql id="scheduleDetailColumnsForSearch">
        sd.ID, sd.S_ID, sd.DEP_ID, sd.DEP_NAME, sd.STAFF_ID, sd.CS_ID, sd.U_NAME,sd.JOB_TITLE_NAME, sd.BUS_NAME,
        sd.LEADER_NAME, sd.PLAN_DATE, sd.SHIFTS_ID,
        sd.SHIFTS_NAME, sd.CREATE_USER, sd.CREATE_TIME, sd.UPDATE_USER, sd.UPDATE_TIME, sd.REMARK, sd.YN,
        d.ID as DEP_ID,d.NAME as DEP_NAME,d.CODE as DEP_CODE,d.PARENT_ID as DEP_PARENT_ID,d.PERSON_CHARGE as DEP_PERSON_CHARGE,
        s.ID as SP_ID,s.BEGIN_TIME as SP_BEGIN_TIME,s.END_TIME as SP_END_TIME,s.CREATE_TIME as SP_CREATE_TIME,s.CREATE_USER as SP_CREATE_USER,s.UPDATE_TIME as SP_UPDATE_TIME,s.UPDATE_USER as SP_UPDATE_USER,
        ss.ID as SHIFTS_ID,ss.SHIFTS_NAME as SHIFTS_NAME
    </sql>

    <!-- 插入数据 -->
    <insert id="insert" parameterType="ScheduleDetail" useGeneratedKeys="true" keyProperty="id">
        insert into b_scheduling_detail(<include refid="scheduleDetailColumns"/>)
        values(null,#{sId},#{depId},#{depName},#{staffId},#{csId},#{uName},#{jobTitleName},#{busId},#{busName},#{leaderName},#{planDate},
        #{shiftsId},#{shiftsName},#{createUser},now(),#{updateUser},#{updateTime},#{remark},1)
    </insert>

    <!-- 插入多条数据 -->
    <insert id="inserts" parameterType="java.util.List" useGeneratedKeys="true" keyProperty="id">
        <selectKey resultType="java.lang.Long" keyProperty="id" order="AFTER">
            SELECT LAST_INSERT_ID()
        </selectKey>
        insert into b_scheduling_detail(<include refid="scheduleDetailColumns"/>)
        values
        <foreach collection="list" item="item" index="index" separator=",">
            (#{item.id},#{item.sId},#{item.depId},#{item.depName},#{item.staffId},#{item.csId},#{item.uName},#{item.jobTitleName},
            #{item.busId},#{item.busName},#{item.leaderName},#{item.planDate},#{item.shiftsId},#{item.shiftsName},
            #{item.createUser},now(),#{item.updateUser},#{item.updateTime},#{item.remark},1)
        </foreach>
    </insert>
    <!-- 删除信息 -->
    <update id="deletes" parameterType="com.letv.css.portal.domain.query.ScheduleDetailQuery">
        <if test="depId != null and depId != ''">
            <if test="planDate != null and planDate != ''">
                update b_scheduling_detail set yn = 0 where and 1=1
                and DEP_ID = #{depId,jdbcType=DECIMAL}
                and PLAN_DATE = #{planDate,jdbcType=TIMESTAMP}
            </if>
        </if>
    </update>
    <!--根据职场、日期批量删除-->
    <update id="deleteScheduleDetailById" parameterType="java.lang.Long">
        <if test="_parameter != null and _parameter > 0">
            update b_scheduling_detail set yn = 0 where id = #{_parameter}
        </if>
    </update>
    <!--导入时根据职场、日期批量删除-->
    <update id="deleteBySid" parameterType="java.lang.Long">
        <if test="_parameter != null and _parameter > 0">
            update b_scheduling_detail set yn = 0 where s_id = #{_parameter}
        </if>
    </update>
    <!-- 修改班表导入记录 -->
    <update id="update" parameterType="ScheduleDetail">
        <if test="_parameter!=null">
            <if test="id!=null and id>0">
                update b_scheduling_detail set
                <if test="depId != null and depId != ''">
                    DEP_ID = #{depId,jdbcType=DECIMAL},
                </if>
                <!-- 
                <if test="beginTime != null and beginTime != ''">
                    BEGIN_TIME = #{beginTime,jdbcType=TIMESTAMP},
                </if>
                <if test="endTime != null and endTime != ''">
                    END_TIME = #{endTime,jdbcType=TIMESTAMP},
                </if>
                 -->
                <if test="staffId != null and staffId != ''">
                    STAFF_ID = #{staffId,jdbcType=DECIMAL},
                </if>
                <if test="csId != null and csId != ''">
                    CS_ID = #{csId,jdbcType=VARCHAR},
                </if>
                <if test="uName != null and uName != ''">
                    U_NAME = #{uName,jdbcType=VARCHAR},
                </if>
                <if test="leaderName != null and leaderName != ''">
                    LEADER_NAME = #{leaderName,jdbcType=VARCHAR},
                </if>
                <if test="remark != null and remark != ''">
                    REMARK = #{remark,jdbcType=VARCHAR},
                </if>
                <if test="updateUser != null and updateUser != ''">
                    UPDATE_USER = #{updateUser,jdbcType=VARCHAR},
                </if>
                <if test="yn != null">
                    YN = #{yn,jdbcType=DECIMAL},
                </if>
                update_time = now() 
                where id = #{id}
            </if>
        </if>
    </update>
    <update id="updateBySid" parameterType="ScheduleDetail">
        <if test="_parameter!=null">
            <if test="id!=null and id>0">
                update b_scheduling_detail set
                <if test="depId != null and depId != ''">
                    DEP_ID = #{depId,jdbcType=DECIMAL},
                </if>
                <if test="busId != null and busId != ''">
                    BUS_ID = #{busId,jdbcType=DECIMAL},
                </if>
                <if test="beginTime != null and beginTime != ''">
                    BEGIN_TIME = #{beginTime,jdbcType=TIMESTAMP},
                </if>
                <if test="endTime != null and endTime != ''">
                    END_TIME = #{endTime,jdbcType=TIMESTAMP},
                </if>
                <if test="updateUser != null and updateUser != ''">
                    UPDATE_USER = #{updateUser,jdbcType=VARCHAR},
                </if>
                <if test="yn != null">
                    YN = #{yn,jdbcType=DECIMAL},
                </if>
                update_time = now()
                where s_id = #{sId}
            </if>
        </if>
    </update>
    <!-- 通过insert实现批量标记删除（修改） -->
    <insert id="batchDelete" parameterType="java.util.List">
        insert into b_scheduling_detail(id,yn) values
        <foreach collection="list" item="item" index="index" separator=",">
            (#{item.id},0)
        </foreach>
        on duplicate key update yn=values(yn);
    </insert>
    <!-- 根据查询Bean获取数据集合，不带翻页 -->
    <select id="queryScheduleDetailList" resultMap="ScheduleDetailMap"
            parameterType="com.letv.css.portal.domain.query.ScheduleDetailQuery">
        select <include refid="scheduleDetailColumnsForSearch"/>
        from b_scheduling_detail sd
        left join b_dep d on sd.dep_id = d.id
        left join b_scheduling s on sd.s_id = s.id
        left join b_shifts ss on sd.id = ss.id
        left join b_staff st on sd.staff_id = st.id
        where <include refid="queryAllSDetailListWhere"/>
        ORDER BY sd.LEADER_NAME,sd.STAFF_ID,sd.PLAN_DATE
    </select>

    <!-- 根据查询Bean获取数据集合，翻页 -->
    <select id="queryScheduleDetailListWithPage" resultMap="ScheduleDetailMap"
            parameterType="com.letv.css.portal.domain.query.ScheduleDetailQuery">
        select
        <include refid="scheduleDetailColumns"/>
        from b_scheduling_detail sd
        where
        <include refid="queryScheduleDetailListWhere"/>
        limit #{startIndex},#{pageSize};
    </select>

    <!-- 根据查询Bean获取集合总数 -->
    <select id="queryScheduleDetailCount" resultType="java.lang.Integer"
            parameterType="com.letv.css.portal.domain.query.ScheduleDetailQuery">
        select count(1) from b_scheduling_detail sd where
        <include refid="queryScheduleDetailListWhere"/>
    </select>


    <!-- 常用的查询Where条件 -->
    <sql id="queryScheduleDetailListWhere">
        sd.yn = 1
        <if test="sId != null and sId != ''">
            and sd.S_ID = #{sId,jdbcType=DECIMAL}
        </if>
        <if test="depId != null and depId != ''">
            and sd.DEP_ID = #{depId,jdbcType=DECIMAL}
        </if>
        <if test="shiftsId != null and shiftsId != ''">
            and sd.SHIFTS_ID = #{shiftsId,jdbcType=DECIMAL}
        </if>
        <if test="planDate != null and planDate != ''">
            and sd.PLAN_DATE = #{planDate,jdbcType=TIMESTAMP}
        </if>
        <if test="querylanDate !=null">
            and sd.PLAN_DATE in
            <foreach collection="querylanDate" open="(" close=")" item="item" index="index" separator=",">
                #{item,jdbcType=TIMESTAMP}
            </foreach>
        </if>
    </sql>
    <!-- 常用的查询Where条件 -->
    <sql id="queryAllSDetailListWhere">
        sd.yn=1
        <if test="sId != null and sId != ''">
            and sd.S_ID = #{sId,jdbcType=DECIMAL}
        </if>
        <if test="depId != null and depId != ''">
            and sd.DEP_ID = #{depId,jdbcType=DECIMAL}
        </if>
        <if test="shiftsId != null and shiftsId != ''">
            and sd.SHIFTS_ID = #{shiftsId,jdbcType=DECIMAL}
        </if>
        <if test="planDate != null and planDate != ''">
            and sd.PLAN_DATE = #{planDate,jdbcType=TIMESTAMP}
        </if>
        <if test="querylanDate !=null">
            and sd.PLAN_DATE in
            <foreach collection="querylanDate" open="(" close=")" item="item" index="index" separator=",">
                #{item,jdbcType=TIMESTAMP}
            </foreach>
        </if>
    </sql>
</mapper>