<?xml version="1.0" encoding="UTF-8" ?>
<!DOCTYPE mapper PUBLIC "-//mybatis.org//DTD Mapper 3.0//EN" "http://mybatis.org/dtd/mybatis-3-mapper.dtd" >

<mapper namespace="Schedule">
    <resultMap id="ScheduleMap" type="Schedule">
        <result column="ID" property="id" jdbcType="DECIMAL"/>
        <result column="SP_ID" property="spId" jdbcType="DECIMAL"/>
        <result column="DEP_ID" property="depId" jdbcType="DECIMAL"/>
        <result column="BUS_ID" property="busId" jdbcType="DECIMAL"/>
        <result column="BEGIN_TIME" property="beginTime" jdbcType="TIMESTAMP"/>
        <result column="END_TIME" property="endTime" jdbcType="TIMESTAMP"/>
        <result column="STATUS" property="status" jdbcType="DECIMAL"/>
        <result column="CREATE_TIME" property="createTime" jdbcType="TIMESTAMP"/>
        <result column="CREATE_USER" property="createUser" jdbcType="VARCHAR"/>
        <result column="UPDATE_TIME" property="updateTime" jdbcType="TIMESTAMP"/>
        <result column="UPDATE_USER" property="updateUser" jdbcType="VARCHAR"/>
        <result column="YN" property="yn" jdbcType="DECIMAL"/>
        <association column="DEP_ID" property="dep" javaType="Dep" resultMap="joinDepResult"/>
    </resultMap>

    <!-- 关联部门表需要的列 -->
    <resultMap type="Dep" id="joinDepResult">
        <id property="id" column="DEP_ID"/>
        <result property="name" column="DEP_NAME"/>
        <result property="code" column="DEP_CODE"/>
        <result property="parentId" column="DEP_PARENT_ID"/>
        <result property="personCharge" column="DEP_PERSON_CHARGE"/>
    </resultMap>

    <!-- 总班表导入记录全量信息 -->
    <sql id="scheduleColumns">
    	ID, SP_ID,DEP_ID, BUS_ID,BEGIN_TIME, END_TIME,STATUS, CREATE_USER, CREATE_TIME, UPDATE_USER, UPDATE_TIME, YN
    </sql>
    <sql id="scheduleSPColumns">
    	s.ID, s.SP_ID,s.DEP_ID,s.BUS_ID, s.BEGIN_TIME, s.END_TIME,s.STATUS, s.CREATE_USER, s.CREATE_TIME, s.UPDATE_USER, s.UPDATE_TIME, s.YN,
    	d.ID as DEP_ID,d.NAME as DEP_NAME,d.PARENT_ID AS DEP_PARENT_ID,d.PERSON_CHARGE as DEP_PERSON_CHARGE
    </sql>
    <!-- 总班表导入记录部分信息 -->
    <sql id="schedulePartColumns">
    	DEP_ID, BEGIN_TIME, END_TIME,CREATE_USER, CREATE_TIME, UPDATE_USER, UPDATE_TIME, YN
    </sql>


    <!-- 创建信息 -->
    <insert id="insert" parameterType="Schedule" useGeneratedKeys="true" keyProperty="id">
        insert into b_scheduling(<include refid="scheduleColumns"/>)
        values(null,#{spId},#{depId},#{busId},#{beginTime},#{endTime},0,#{createUser},now(),#{updateUser},#{updateTime},1)
    </insert>

    <!-- 创建信息 -->
    <insert id="inserts" parameterType="java.util.List" useGeneratedKeys="true" keyProperty="id">
        <selectKey resultType="java.lang.Long" keyProperty="id" order="AFTER">
            SELECT LAST_INSERT_ID()
        </selectKey>
        insert into b_scheduling(<include refid="scheduleColumns"/>)
        values
        <foreach collection="list" item="item" index="index" separator=",">
            (#{item.id},#{item.spId},#{item.depId},#{item.busId},#{item.beginTime},#{item.endTime},0,#{item.createUser},now(),#{item.updateUser},#{item.updateTime},1)
        </foreach>
    </insert>


    <!-- 根据主键获取对象信息 -->
    <select id="getScheduleById" resultMap="ScheduleMap" parameterType="java.lang.Long">
        <if test="_parameter != null">
            select
            <include refid="scheduleColumns"/>
            from b_scheduling
            where id = #{_parameter}
        </if>
    </select>

    <!-- 根据班表ID获取对象信息 -->
    <select id="getScheduleBySpid" resultMap="ScheduleMap" parameterType="java.lang.Long">
        <if test="_parameter != null">
            select
            <include refid="scheduleColumns"/>
            from b_scheduling
            where sp_id = #{_parameter}
        </if>
    </select>


    <!-- 根据查询Bean获取数据集合，不带翻页 -->
    <select id="queryScheduleList" resultMap="ScheduleMap"
            parameterType="com.letv.css.portal.domain.query.ScheduleQuery">
        select
        <include refid="scheduleSPColumns"/>
        from b_scheduling s
        left join b_dep d on s.dep_id = d.id
        where
        <include refid="queryScheduleListWhere"/>
    </select>

    <!-- 根据查询Bean获取数据集合，翻页 -->
    <select id="queryScheduleListWithPage" resultMap="ScheduleMap"
            parameterType="com.letv.css.portal.domain.query.ScheduleQuery">
        select
        <include refid="scheduleSPColumns"/>
        from b_scheduling s
        left join b_dep d on s.dep_id = d.id
        where
        <include refid="queryScheduleListWhere"/>
        order by id desc
        limit #{startIndex},#{pageSize};
    </select>

    <!-- 根据查询Bean获取集合总数 -->
    <select id="queryScheduleCount" resultType="java.lang.Integer"
            parameterType="com.letv.css.portal.domain.query.ScheduleQuery">
        select count(1) from b_scheduling s
        left join b_dep d on s.dep_id = d.id
        where
        <include refid="queryScheduleListWhere"/>
    </select>


    <!-- 常用的查询Where条件 -->
    <sql id="queryScheduleListWhere">
        s.yn = 1
        <if test="depId != null and depId != ''">
            and s.DEP_ID = #{depId,jdbcType=DECIMAL}
        </if>
        <if test="busId != null and busId != ''">
            and s.bus_id = #{busId,jdbcType=DECIMAL}
        </if>
        <if test="status !=null">
            and s.STATUS = #{status,jdbcType=DECIMAL}
        </if>
        <if test="code != null and code != ''">
            and d.CODE like concat(#{code,jdbcType=VARCHAR},'%')
        </if>
        <if test="startTime != null and startTime != ''">
            and s.BEGIN_TIME <![CDATA[>=]]> str_to_date(#{startTime},'%Y-%m-%d')
        </if>
        <if test="endTime != null and endTime != ''">
            and s.END_TIME <![CDATA[<=]]> str_to_date(#{endTime},'%Y-%m-%d')
        </if>
        <if test="depIds != null and depIds != ''">
            and s.Dep_id in (${depIds})
        </if>
    </sql>


    <!-- 修改班表导入记录 -->
    <update id="update" parameterType="Schedule">
        <if test="_parameter!=null">
            <if test="id!=null and id>0">
                update b_scheduling set
                <if test="depId != null and depId != ''">
                    DEP_ID = #{depId,jdbcType=DECIMAL},
                </if>
                <if test="busId != null and busId != ''">
                    BUS_ID = #{busId,jdbcType=DECIMAL},
                </if>
                <if test="beginTime != null and beginTime != ''">
                    BEGIN_TIME = #{beginTime,jdbcType=TIMESTAMP},
                </if>
                <if test="endTime != null and endTime != ''">
                    END_TIME = #{endTime,jdbcType=TIMESTAMP},
                </if>
                <if test="status != null">
                    STATUS = #{status,jdbcType=DECIMAL},
                </if>
                <if test="updateUser != null and updateUser != ''">
                    UPDATE_USER = #{updateUser,jdbcType=VARCHAR},
                </if>
                <if test="yn != null">
                    YN = #{yn,jdbcType=DECIMAL},
                </if>
                update_time = now()
                where id = #{id}
            </if>
        </if>
    </update>
</mapper>