<?xml version="1.0" encoding="UTF-8" ?>
<!DOCTYPE mapper PUBLIC "-//mybatis.org//DTD Mapper 3.0//EN" "http://mybatis.org/dtd/mybatis-3-mapper.dtd" >

<mapper namespace="SchedulePlan">

    <resultMap id="SchedulePlanMap" type="SchedulePlan">
    	<result column="ID" property="id" jdbcType="DECIMAL"/>
        <result column="DEP_ID" property="depId" jdbcType="DECIMAL"/>
        <result column="BUS_ID" property="busId" jdbcType="DECIMAL"/>
    	<result column="BEGIN_TIME" property="beginTime" jdbcType="TIMESTAMP"/>
    	<result column="END_TIME" property="endTime" jdbcType="TIMESTAMP"/>
    	<result column="STATUS" property="status" jdbcType="DECIMAL"/>
    	<result column="CREATE_TIME" property="createTime" jdbcType="TIMESTAMP"/>
    	<result column="CREATE_USER" property="createUser" jdbcType="VARCHAR"/>
    	<result column="UPDATE_TIME" property="updateTime" jdbcType="TIMESTAMP"/>
    	<result column="UPDATE_USER" property="updateUser" jdbcType="VARCHAR"/>
    	<result column="YN" property="yn" jdbcType="DECIMAL"/>
    	<association column="DEP_ID" property="dep" javaType="Dep" resultMap="joinDepResult" />
    </resultMap>
    
    <!-- 关联部门表需要的列 -->  
    <resultMap type="Dep" id="joinDepResult">
    	<id property="id" column="DEP_ID" />  
        <result property="name" column="DEP_NAME" />  
        <result property="code" column="DEP_CODE" />
        <result property="parentId" column="DEP_PARENT_ID" />
        <result property="personCharge" column="DEP_PERSON_CHARGE" />
    </resultMap>

    <!-- 总班表导入记录全量信息 -->
    <sql id="schedulePlanColumns">
    	ID, DEP_ID, BUS_ID, BEGIN_TIME, END_TIME, STATUS, CREATE_USER, CREATE_TIME, UPDATE_USER, UPDATE_TIME, YN
    </sql>
    <sql id="schedulePlanSPColumns">
    	sp.ID, sp.DEP_ID, sp.BUS_ID, sp.BEGIN_TIME, sp.END_TIME, sp.STATUS, sp.CREATE_USER, sp.CREATE_TIME, sp.UPDATE_USER, sp.UPDATE_TIME, sp.YN,
    	d.ID as DEP_ID,d.NAME as DEP_NAME,d.PARENT_ID AS DEP_PARENT_ID,d.PERSON_CHARGE as DEP_PERSON_CHARGE
    </sql>
    <!-- 总班表导入记录部分信息 -->
    <sql id="schedulePlanPartColumns">
    	DEP_ID, BUS_ID, BEGIN_TIME, END_TIME, STATUS, CREATE_USER, CREATE_TIME, UPDATE_USER, UPDATE_TIME, YN
    </sql>
    
    <!-- 修改总班表导入记录 -->
    <update id="update" parameterType="SchedulePlan">
    	<if test="_parameter!=null">
    		<if test="id!=null and id>0">
    			update b_scheduling_plan set
    			<if test="depId != null and depId != ''">
    				DEP_ID = #{depId,jdbcType=DECIMAL},
    			</if>
    			<if test="busId != null and busId != ''">
    				BUS_ID = #{busId,jdbcType=DECIMAL},
    			</if>
    			<if test="beginTime != null and beginTime != ''">
    				BEGIN_TIME = #{beginTime,jdbcType=TIMESTAMP},
    			</if>
    			<if test="endTime != null and endTime != ''">
    				END_TIME = #{endTime,jdbcType=TIMESTAMP},
    			</if>
    			<if test="status != null and status != ''">
    				STATUS = #{status,jdbcType=DECIMAL},
    			</if>
    			<if test="updateUser != null and updateUser != ''">
    				UPDATE_USER = #{updateUser,jdbcType=VARCHAR},
    			</if>
    			<if test="yn != null">
    				YN = #{yn,jdbcType=DECIMAL},
    			</if>
    				update_time = now()
                where id = #{id}
    		</if>
    	</if>
    </update>

    <!-- 创建信息 -->
    <insert id="insert" parameterType="SchedulePlan" useGeneratedKeys="true" keyProperty="id">
        insert into b_scheduling_plan(<include refid="schedulePlanColumns"/>)
        values(null,#{depId},#{busId},#{beginTime},#{endTime},#{status},#{createUser},now(),#{updateUser},#{updateTime},1)
    </insert>
    
    <!-- 创建信息 -->
    <insert id="inserts" parameterType="java.util.List" useGeneratedKeys="true" keyProperty="id">
    	<selectKey resultType ="java.lang.Long" keyProperty= "id" order= "AFTER">
			SELECT LAST_INSERT_ID()
        </selectKey>
        insert into b_scheduling_plan(<include refid="schedulePlanColumns"/>)
        values
        <foreach collection="list" item="item" index="index" separator=",">
        (#{item.id},#{item.depId},#{item.busId},#{item.beginTime},#{item.endTime},#{item.status},#{item.createUser},now(),#{item.updateUser},#{item.updateTime},1)
        </foreach>
    </insert>


    <!-- 根据主键获取对象信息 -->
    <select id="getSchedulePlanById" resultMap="SchedulePlanMap" parameterType="java.lang.Long">
        <if test="_parameter != null">
            select <include refid="schedulePlanColumns"/> from b_scheduling_plan
            where id = #{_parameter}
        </if>
    </select>
    
    <!-- 根据查询Bean获取数据集合，不带翻页 -->
    <select id="querySchedulePlanList" resultMap="SchedulePlanMap"
            parameterType="com.letv.css.portal.domain.query.SchedulePlanQuery">
        select <include refid="schedulePlanSPColumns"/> from b_scheduling_plan sp
        left join b_dep d on sp.dep_id = d.id 
        where sp.yn = 1
        <if test="startTime != null and startTime != ''">
        	and sp.BEGIN_TIME = str_to_date(#{startTime},'%Y-%m-%d')
        </if>
        <if test="endTime != null and endTime != ''">
        	and sp.END_TIME = str_to_date(#{endTime},'%Y-%m-%d')
        </if>
        <if test="depId !=null and depId !=''">
            and sp.DEP_ID = #{depId,jdbcType=DECIMAL}
        </if>
        <if test="busId !=null and busId !=''">
            and sp.BUS_ID = #{busId,jdbcType=DECIMAL}
        </if>
    </select>

    <!-- 根据查询Bean获取数据集合，翻页 -->
    <select id="querySchedulePlanListWithPage" resultMap="SchedulePlanMap"
            parameterType="com.letv.css.portal.domain.query.SchedulePlanQuery">
        select <include refid="schedulePlanSPColumns"/> from b_scheduling_plan sp
        left join b_dep d on sp.dep_id = d.id 
        where <include refid="querySchedulePlanListWhere"/>
        order by id desc 
        limit #{startIndex},#{pageSize};
    </select>

    <!-- 根据查询Bean获取集合总数 -->
    <select id="querySchedulePlanCount" resultType="java.lang.Integer"
            parameterType="com.letv.css.portal.domain.query.SchedulePlanQuery">
        select count(1) from b_scheduling_plan sp
        left join b_dep d on sp.dep_id = d.id 
        where <include refid="querySchedulePlanListWhere"/>
    </select>
    

    <!-- 常用的查询Where条件 -->
    <sql id="querySchedulePlanListWhere">
    	sp.yn = 1
        <if test="depId != null and depId != ''">
            and sp.DEP_ID = #{depId,jdbcType=DECIMAL}
        </if>
        <if test="code != null and code != ''">
            and d.CODE like concat(#{code,jdbcType=VARCHAR},'%')
        </if>
        <if test="status != null and status != ''">
        	and sp.STATUS = #{status,jdbcType=DECIMAL}
        </if>
        <if test="startTime != null and startTime != ''">
        	and sp.BEGIN_TIME <![CDATA[>=]]> str_to_date(#{startTime},'%Y-%m-%d')
        </if>
        <if test="endTime != null and endTime != ''">
        	and sp.END_TIME <![CDATA[<=]]> str_to_date(#{endTime},'%Y-%m-%d')
        </if>
        <if test="depIds != null and depIds != ''">
            and sp.DEP_ID in (${depIds})
        </if>
    </sql>
</mapper>