<?xml version="1.0" encoding="UTF-8" ?>
<!DOCTYPE mapper PUBLIC "-//mybatis.org//DTD Mapper 3.0//EN" "http://mybatis.org/dtd/mybatis-3-mapper.dtd" >

<mapper namespace="ShiftsPeriod">

    <resultMap id="ShiftsPeriodMap" type="ShiftsPeriod">
        <result column="ID" property="id" jdbcType="DECIMAL"/>
        <result column="PERIOD_NAME" property="periodName" jdbcType="VARCHAR"/>
        <result column="SHIFTS_ID" property="shiftsId" jdbcType="DECIMAL"/>
        <result column="BEGIN_TIME" property="beginTime" jdbcType="TIME"/>
        <result column="END_TIME" property="endTime" jdbcType="TIME"/>
        <result column="MEAL_STANDARD" property="mealStandard" jdbcType="DECIMAL"/>
        <result column="IS_NEXT_DAY" property="isNextDay" jdbcType="DECIMAL"/>
        <result column="CREATE_TIME" property="createTime" jdbcType="TIMESTAMP"/>
        <result column="CREATE_USER" property="createUser" jdbcType="VARCHAR"/>
        <result column="UPDATE_TIME" property="updateTime" jdbcType="TIMESTAMP"/>
        <result column="UPDATE_USER" property="updateUser" jdbcType="VARCHAR"/>
        <result column="REMARK" property="remark" jdbcType="VARCHAR"/>
        <result column="YN" property="yn" jdbcType="DECIMAL"/>
    </resultMap>

    <!-- 班次全量信息 -->
    <sql id="periodColumns">
        ID, PERIOD_NAME,SHIFTS_ID,BEGIN_TIME,END_TIME,MEAL_STANDARD,IS_NEXT_DAY,CREATE_TIME,CREATE_USER,UPDATE_TIME,UPDATE_USER,REMARK,YN
    </sql>
    <!-- 班次部分信息 -->
    <sql id="periodListColumns">
        ID, PERIOD_NAME,SHIFTS_ID,IS_NEXT_DAY
    </sql>

    <!-- 创建信息 -->
    <insert id="insert" parameterType="ShiftsPeriod" useGeneratedKeys="true" keyProperty="id">
        insert into b_shifts_period(<include refid="periodColumns"/>)
        values(null,#{periodName},#{shiftsId},#{beginTime},#{endTime},#{mealStandard},#{isNextDay},now(),#{createUser},null,null,#{remark},1)
    </insert>

    <!-- 修改信息 -->
    <update id="update" parameterType="ShiftsPeriod">
        <if test="_parameter != null">
            <if test="id != null and id > 0">
                update b_shifts_period set
                <if test="periodName != null and periodName != ''">
                    PERIOD_NAME = #{periodName,jdbcType=VARCHAR},
                </if>
                <if test="shiftsId != null and shiftsId != ''">
                    SHIFTS_ID = #{shiftsId,jdbcType=DECIMAL},
                </if>
                <if test="beginTime != null and beginTime != ''">
                    BEGIN_TIME = #{beginTime,jdbcType=TIME},
                </if>
                <if test="endTime != null and endTime != ''">
                    END_TIME = #{endTime,jdbcType=TIME},
                </if>
                <if test="mealStandard != null">
                    MEAL_STANDARD = #{mealStandard,jdbcType=DECIMAL},
                </if>
                <if test="isNextDay != null">
                    IS_NEXT_DAY = #{isNextDay,jdbcType=DECIMAL},
                </if>
                <if test="updateUser != null and updateUser != ''">
                    UPDATE_USER = #{updateUser,jdbcType=VARCHAR},
                </if>
                <if test="remark != null and remark != ''">
                    REMARK = #{remark,jdbcType=VARCHAR},
                </if>
                <if test="yn != null">
                    YN = #{yn,jdbcType=DECIMAL},
                </if>
                update_time = now()
                where id = #{id}
            </if>
        </if>
    </update>

    <!-- 根据主键获取对象信息 -->
    <select id="getShiftsPeriodById" resultMap="ShiftsPeriodMap" parameterType="java.lang.Long">
        <if test="_parameter != null">
            select
            <include refid="periodColumns"/>
            from b_shifts_period
            where id = #{_parameter}
        </if>
    </select>

    <!-- 根据查询Bean获取数据集合，不带翻页 -->
    <select id="queryShiftsPeriodList" resultMap="ShiftsPeriodMap"
            parameterType="com.letv.css.portal.domain.query.ShiftsPeriodQuery">
        select
        <include refid="periodColumns"/>
        from b_shifts_period where
        <include refid="queryShiftsPeriodListWhere"/>
        order by PERIOD_NAME asc
    </select>

    <!-- 根据查询Bean获取数据集合，翻页 -->
    <select id="queryShiftsPeriodListWithPage" resultMap="ShiftsPeriodMap"
            parameterType="com.letv.css.portal.domain.query.ShiftsPeriodQuery">
        select
        <include refid="periodColumns"/>
        from b_shifts_period where
        <include refid="queryShiftsPeriodListWhere"/>
        order by PERIOD_NAME asc
        limit #{startIndex},#{pageSize};
    </select>

    <!-- 根据查询Bean获取集合总数 -->
    <select id="queryShiftsPeriodCount" resultType="java.lang.Integer"
            parameterType="com.letv.css.portal.domain.query.ShiftsPeriodQuery">
        select count(1) from b_shifts_period where
        <include refid="queryShiftsPeriodListWhere"/>
    </select>


    <!-- 删除信息 -->
    <update id="deleteShiftsPeriodById" parameterType="java.lang.Long">
        <if test="_parameter != null and _parameter > 0">
            update b_shifts_period set yn = 0 where id = #{_parameter}
        </if>
    </update>

    <!-- 常用的查询Where条件 -->
    <sql id="queryShiftsPeriodListWhere">
        yn = 1
        <if test="periodName != null and periodName != ''">
            and PERIOD_NAME like concat('%',#{periodName,jdbcType=VARCHAR},'%')
        </if>
        <if test="shiftsId != null and shiftsId != ''">
            and SHIFTS_ID = #{shiftsId,jdbcType=DECIMAL}
        </if>
        <if test="beginTime != null and beginTime != ''">
            and BEGIN_TIME = #{beginTime,jdbcType=TIME},
        </if>
        <if test="endTime != null and endTime != ''">
            and END_TIME = #{endTime,jdbcType=TIME},
        </if>
        <if test="mealStandard != null and mealStandard != ''">
            and MEAL_STANDARD = #{mealStandard,jdbcType=DECIMAL},
        </if>
        <if test="isNextDay != null">
            and IS_NEXT_DAY = #{isNextDay,jdbcType=DECIMAL},
        </if>
    </sql>
</mapper>