<?xml version="1.0" encoding="UTF-8" ?>
<!DOCTYPE mapper PUBLIC "-//mybatis.org//DTD Mapper 3.0//EN" "http://mybatis.org/dtd/mybatis-3-mapper.dtd" >

<mapper namespace="Shifts">

    <resultMap id="ShiftsMap" type="Shifts">
        <result column="ID" property="id" jdbcType="DECIMAL"/>
        <result column="SHIFTS_NAME" property="shiftsName" jdbcType="VARCHAR"/>
        <result column="SHIFTS_TYPE" property="shiftsType" jdbcType="DECIMAL"/>
        <result column="STATUS" property="status" jdbcType="DECIMAL"/>
        <result column="CREATE_TIME" property="createTime" jdbcType="TIMESTAMP"/>
        <result column="CREATE_USER" property="createUser" jdbcType="VARCHAR"/>
        <result column="UPDATE_TIME" property="updateTime" jdbcType="TIMESTAMP"/>
        <result column="UPDATE_USER" property="updateUser" jdbcType="VARCHAR"/>
        <result column="SHIFTS_CLASS" property="shiftsClass" jdbcType="DECIMAL"/>
        <result column="REMARK" property="remark" jdbcType="VARCHAR"/>
        <result column="YN" property="yn" jdbcType="DECIMAL"/>
    </resultMap>

    <!-- 班次全量信息 -->
    <sql id="shiftsColumns">
        ID, SHIFTS_NAME,SHIFTS_TYPE,STATUS,CREATE_TIME,CREATE_USER,UPDATE_TIME,UPDATE_USER,SHIFTS_CLASS,REMARK,YN
    </sql>
    <!-- 班次部分信息 -->
    <sql id="shiftsListColumns">
        ID, SHIFTS_NAME
    </sql>

    <!-- 创建信息 -->
    <insert id="insert" parameterType="Shifts" useGeneratedKeys="true" keyProperty="id">
        insert into b_shifts(<include refid="shiftsColumns"/>)
        values(null,#{shiftsName},#{shiftsType},#{status},now(),#{createUser},null,null,#{shiftsClass},#{remark},1)
    </insert>

    <!-- 修改信息 -->
    <update id="update" parameterType="Shifts">
        <if test="_parameter != null">
            <if test="id != null and id > 0">
                update b_shifts set
                <if test="shiftsName != null and shiftsName != ''">
                    SHIFTS_NAME = #{shiftsName,jdbcType=VARCHAR},
                </if>
                <if test="shiftsType != null and shiftsType != ''">
                    SHIFTS_TYPE = #{shiftsType,jdbcType=DECIMAL},
                </if>
                <if test="status != null and status != ''">
                    STATUS = #{status,jdbcType=DECIMAL},
                </if>
                <if test="updateUser != null and updateUser != ''">
                    UPDATE_USER = #{updateUser,jdbcType=VARCHAR},
                </if>
                <if test="shiftsClass != null and shiftsClass != ''">
                    SHIFTS_CLASS = #{shiftsClass,jdbcType=DECIMAL},
                </if>
                <if test="remark != null and remark != ''">
                    REMARK = #{remark,jdbcType=VARCHAR},
                </if>
                <if test="yn != null">
                    YN = #{yn,jdbcType=DECIMAL},
                </if>
                update_time = now()
                where id = #{id}
            </if>
        </if>
    </update>

    <!-- 根据主键获取对象信息 -->
    <select id="getShiftsById" resultMap="ShiftsMap" parameterType="java.lang.Long">
        <if test="_parameter != null">
            select <include refid="shiftsColumns"/> from b_shifts
            where id = #{_parameter}
        </if>
    </select>
    <!-- 根据主键获取对象信息 -->
    <select id="getShiftsByName" resultMap="ShiftsMap" parameterType="java.lang.String">
        <if test="_parameter != null">
            select <include refid="shiftsColumns"/> from b_shifts
            where SHIFTS_NAME = #{_parameter}
        </if>
    </select>

    <!-- 根据查询Bean获取数据集合，不带翻页 -->
    <select id="queryShiftsList" resultMap="ShiftsMap"
            parameterType="com.letv.css.portal.domain.query.ShiftsQuery">
        select <include refid="shiftsColumns"/> from b_shifts where <include refid="queryShiftsListWhere"/>
        order by CREATE_TIME DESC
    </select>
    
    <!-- 根据查询Bean获取数据集合，不带翻页 -->
    <select id="queryShiftsListByMinBeginTime" resultMap="ShiftsMap"
            parameterType="com.letv.css.portal.domain.query.ShiftsQuery">
        select <include refid="shiftsColumns"/> 
        from b_shifts A 
        LEFT JOIN (SELECT SHIFTS_ID,MIN(BEGIN_TIME) AS BEGIN_TIME FROM b_shifts_period WHERE IS_NEXT_DAY = 2 AND YN =1 GROUP BY SHIFTS_ID) B 
        ON B.SHIFTS_ID = A.ID 
        where <include refid="queryShiftsListWhere"/>
        AND B.BEGIN_TIME IS NOT NULL
        order by B.BEGIN_TIME DESC
    </select>
    
    <!-- 下拉列表值 -->
    <select id="queryOptionShiftsList" resultMap="ShiftsMap"
            parameterType="com.letv.css.portal.domain.query.ShiftsQuery">
        select <include refid="shiftsListColumns"/> from b_shifts
        order by SHIFTS_NAME asc
    </select>

    <!-- 根据查询Bean获取数据集合，翻页 -->
    <select id="queryShiftsListWithPage" resultMap="ShiftsMap"
            parameterType="com.letv.css.portal.domain.query.ShiftsQuery">
        select <include refid="shiftsColumns"/> from b_shifts where <include refid="queryShiftsListWhere"/>
        order by CREATE_TIME DESC
        limit #{startIndex},#{pageSize};
    </select>

    <!-- 根据查询Bean获取集合总数 -->
    <select id="queryShiftsCount" resultType="java.lang.Integer"
            parameterType="com.letv.css.portal.domain.query.ShiftsQuery">
        select count(1) from b_shifts where <include refid="queryShiftsListWhere"/>
    </select>


    <!-- 删除信息 -->
    <update id="deleteShiftsById" parameterType="java.lang.Long">
        <if test="_parameter != null and _parameter > 0">
            update b_shifts set yn = 0 where id = #{_parameter}
        </if>
    </update>

    <!-- 常用的查询Where条件 -->
    <sql id="queryShiftsListWhere">
        yn = 1
        <if test="shiftsName != null and shiftsName != ''">
            and SHIFTS_NAME like concat('%',#{shiftsName,jdbcType=VARCHAR},'%')
        </if>
        <if test="shiftsType != null and shiftsType != ''">
            and SHIFTS_TYPE = #{shiftsType,jdbcType=DECIMAL}
        </if>
        <if test="status != null and status != ''">
            and STATUS = #{status,jdbcType=DECIMAL}
        </if>
    </sql>
</mapper>