<?xml version="1.0" encoding="UTF-8" ?>
<!DOCTYPE mapper PUBLIC "-//mybatis.org//DTD Mapper 3.0//EN" "http://mybatis.org/dtd/mybatis-3-mapper.dtd" >

<mapper namespace="Staff">

    <resultMap id="StaffMap" type="Staff">
    	<id column="ID" property="id" jdbcType="DECIMAL"/>
    	<result column="CS_ID" property="csId" jdbcType="VARCHAR"/>
    	<result column="EMPLOYEE_NUM" property="employeeNum" jdbcType="VARCHAR"/>
    	<result column="U_ID" property="uId" jdbcType="DECIMAL"/>
    	<result column="reviewed_status" property="reviewedStatus" jdbcType="DECIMAL"/>
    	<result column="NAME" property="name" jdbcType="VARCHAR"/>
    	<result column="NAME_SPELL" property="nameSpell" jdbcType="VARCHAR"/>
    	<result column="NICKNAME" property="nickname" jdbcType="VARCHAR"/>
    	<result column="WORKING_PROPERTY" property="workingProperty" jdbcType="DECIMAL"/>
    	<result column="PHONE_NO" property="phoneNo" jdbcType="VARCHAR"/>
    	<result column="EMAIL" property="email" jdbcType="VARCHAR"/>
    	<result column="ID_NUMBER" property="idNumber" jdbcType="VARCHAR"/>
    	<result column="CS_EXPERIENCE" property="csExperience" jdbcType="VARCHAR"/>
    	<result column="WORK_EXPERIENCE" property="workExperience" jdbcType="VARCHAR"/>
    	<result column="BIRTHDATE" property="birthdate" jdbcType="TIMESTAMP"/>
    	<result column="ENTRY_DATE" property="entryDate" jdbcType="TIMESTAMP"/>
    	<result column="QUIT_DATE" property="quitDate" jdbcType="TIMESTAMP"/>
    	<result column="STATUS" property="status" jdbcType="VARCHAR"/>
    	<result column="IS_CHARGED" property="isCharged" jdbcType="DECIMAL"/>
    	<result column="IS_MARRIED" property="isMarried" jdbcType="DECIMAL"/>
    	<result column="SEX" property="sex" jdbcType="DECIMAL"/>
    	<result column="GRADUATE_SCHOOL" property="graduateSchool" jdbcType="VARCHAR"/>
    	<result column="CHILDREN" property="children" jdbcType="DECIMAL"/>
    	<result column="MAJOR" property="major" jdbcType="VARCHAR"/>
    	<result column="EDUCATION" property="education" jdbcType="DECIMAL"/>
    	<result column="INTERVIEWER" property="interviewer" jdbcType="VARCHAR"/>
    	<result column="LE_REVIEWER" property="leReviewer" jdbcType="DECIMAL"/>
    	<result column="REMARK" property="remark" jdbcType="VARCHAR"/>
    	<result column="STAFF_CONTRACT" property="staffContract" jdbcType="DECIMAL"/>
    	<result column="COST_COMPANY" property="costCompany" jdbcType="DECIMAL"/>
    	<result column="POSITION_STATUS" property="positionStatus" jdbcType="VARCHAR"/>
    	<result column="ONLINE_DATE" property="onlineDate" jdbcType="TIMESTAMP"/>
    	<result column="TRAINING_OFFICER" property="trainingOfficer" jdbcType="VARCHAR"/>
    	<result column="TRANING_SPEAKER" property="traningSpeaker" jdbcType="VARCHAR"/>
    	<result column="AVE_SCORE" property="aveScore" jdbcType="VARCHAR"/>
    	<result column="SCORE" property="score" jdbcType="VARCHAR"/>
    	<result column="RESULT" property="result" jdbcType="VARCHAR"/>
    	<result column="SERVICE" property="service" jdbcType="DECIMAL"/>
    	<result column="JOB_TITLE" property="jobTitle" jdbcType="DECIMAL"/>
    	<result column="SUPERIOR" property="superior" jdbcType="VARCHAR"/>
    	<result column="SUPERIOR_ID" property="superiorId" jdbcType="DECIMAL"/>
    	<result column="LE_ACCOUNT" property="leAccount" jdbcType="VARCHAR"/>
    	<result column="CREATE_USER" property="createUser" jdbcType="VARCHAR"/>
    	<result column="CREATE_TIME" property="createTime" jdbcType="TIMESTAMP"/>
    	<result column="UPDATE_USER" property="updateUser" jdbcType="VARCHAR"/>
    	<result column="UPDATE_TIME" property="updateTime" jdbcType="TIMESTAMP"/>
    	<result column="YN" property="yn" jdbcType="DECIMAL"/>
    	<result column="LAST_MODIFY_TIME" property="lastModifyTime" jdbcType="TIMESTAMP"/>
    	<result column="DIMISSION_REASON" property="dimissionReason" jdbcType="VARCHAR"/>
    	<result column="DIMISSION_DATE" property="dimissionDate" jdbcType="TIMESTAMP"/>
    	<result column="JOB_TITLE_ADJUSTMENT_REASON" property="jobTitleAdjustmentReason" jdbcType="VARCHAR"/>
    	<result column="JOB_TITLE_ADJUSTMENT_DATE" property="jobTitleAdjustmentDate" jdbcType="TIMESTAMP"/>
    	<result column="STRUCT_ADJUST_REASON" property="structAdjustReason" jdbcType="VARCHAR" />
    	<result column="STRUCT_ADJUST_DATE" property="structAdjustDate" jdbcType="TIMESTAMP" />
    	<result column="RANK" property="rank" jdbcType="DECIMAL" />
		<result column="CC_ROLE_GROUP_ID" property="ccRoleGroupId" jdbcType="VARCHAR"/>
		<result column="CC_ROLE_GROUP_NAME" property="ccRoleGroupName" jdbcType="VARCHAR"/>
		<result column="AUTO_CODE" property="autoCode" jdbcType="VARCHAR"/>
    	<!-- 关联部门表 -->
    	<association column="DEP_ID" property="dep" javaType="Dep" resultMap="joinDepResult" />
    </resultMap>
    
    <!-- 关联部门表需要的列 -->  
    <resultMap type="Dep" id="joinDepResult">  
        <id property="id" column="DEP_ID" />  
        <result property="name" column="DEP_NAME" />  
        <result property="code" column="DEP_CODE" />
        <result property="parentId" column="DEP_PARENT_ID" />
        <result property="personCharge" column="DEP_PERSON_CHARGE" />
        <result property="personChargeId" column="DEP_PERSON_CHARGE_ID" />
    </resultMap>
    
   	<!-- 员工全量信息 -->
    <sql id="staffColumns">
    	ID, CS_ID, EMPLOYEE_NUM, U_ID, DEP_ID, NAME,NAME_SPELL, NICKNAME, WORKING_PROPERTY, 
    	PHONE_NO, EMAIL, ID_NUMBER, CS_EXPERIENCE, WORK_EXPERIENCE, 
    	BIRTHDATE, ENTRY_DATE, QUIT_DATE, STATUS, IS_CHARGED, 
    	IS_MARRIED, SEX, GRADUATE_SCHOOL, CHILDREN, MAJOR, 
    	EDUCATION, INTERVIEWER, LE_REVIEWER, REMARK, STAFF_CONTRACT, COST_COMPANY, 
    	POSITION_STATUS, ONLINE_DATE, TRAINING_OFFICER, TRANING_SPEAKER, AVE_SCORE, SCORE, 
    	RESULT, SERVICE, JOB_TITLE, SUPERIOR, SUPERIOR_ID, LE_ACCOUNT, 
    	CREATE_USER, CREATE_TIME, UPDATE_USER, UPDATE_TIME, YN, LAST_MODIFY_TIME,RANK,
    	DIMISSION_REASON,DIMISSION_DATE,JOB_TITLE_ADJUSTMENT_REASON,JOB_TITLE_ADJUSTMENT_DATE,
    	STRUCT_ADJUST_REASON,STRUCT_ADJUST_DATE,reviewed_status,CC_ROLE_GROUP_ID,CC_ROLE_GROUP_NAME
    </sql>
	
	<!-- 员工全量信息 -->
	<sql id="staffColumnsWithS">
		s.ID, s.CS_ID, s.EMPLOYEE_NUM, s.U_ID, s.DEP_ID, s.NAME, s.NAME_SPELL, s.NICKNAME, s.WORKING_PROPERTY,       
		s.PHONE_NO, s.EMAIL, s.ID_NUMBER, s.CS_EXPERIENCE, s.WORK_EXPERIENCE,       
		s.BIRTHDATE, s.ENTRY_DATE, s.QUIT_DATE, s.STATUS, s.IS_CHARGED,       
		s.IS_MARRIED, s.SEX, s.GRADUATE_SCHOOL, s.CHILDREN, s.MAJOR,       
		s.EDUCATION,s.INTERVIEWER, s.LE_REVIEWER, s.REMARK, s.STAFF_CONTRACT, s.COST_COMPANY,       
		s.POSITION_STATUS, s.ONLINE_DATE, s.TRAINING_OFFICER, s.TRANING_SPEAKER, s.AVE_SCORE, s.SCORE,       
		s.RESULT, s.SERVICE, s.JOB_TITLE, s.SUPERIOR, s.SUPERIOR_ID, s.LE_ACCOUNT,
		s.CREATE_USER, s.CREATE_TIME, s.UPDATE_USER, s.UPDATE_TIME, s.YN, s.LAST_MODIFY_TIME,s.RANK,
		s.DIMISSION_REASON,s.DIMISSION_DATE,s.JOB_TITLE_ADJUSTMENT_REASON,s.JOB_TITLE_ADJUSTMENT_DATE,
    	s.STRUCT_ADJUST_REASON,s.STRUCT_ADJUST_DATE,s.reviewed_status,s.CC_ROLE_GROUP_ID,s.CC_ROLE_GROUP_NAME
	</sql>
	
	<!-- 员工全量信息和部门信息 -->
	<sql id="staffDepColumns">
		s.ID, s.CS_ID, s.EMPLOYEE_NUM, s.U_ID, s.DEP_ID, s.NAME, s.NAME_SPELL, s.NICKNAME, s.WORKING_PROPERTY,       
		s.PHONE_NO, s.EMAIL, s.ID_NUMBER, s.CS_EXPERIENCE, s.WORK_EXPERIENCE,       
		s.BIRTHDATE, s.ENTRY_DATE, s.QUIT_DATE, s.STATUS, s.IS_CHARGED,       
		s.IS_MARRIED, s.SEX, s.GRADUATE_SCHOOL, s.CHILDREN, s.MAJOR,       
		s.EDUCATION,s.INTERVIEWER, s.LE_REVIEWER, s.REMARK, s.STAFF_CONTRACT, s.COST_COMPANY,       
		s.POSITION_STATUS, s.ONLINE_DATE, s.TRAINING_OFFICER, s.TRANING_SPEAKER, s.AVE_SCORE, s.SCORE,       
		s.RESULT, s.SERVICE, s.JOB_TITLE, s.SUPERIOR, s.SUPERIOR_ID, s.LE_ACCOUNT,
		s.CREATE_USER, s.CREATE_TIME, s.UPDATE_USER, s.UPDATE_TIME, s.YN, s.LAST_MODIFY_TIME,s.RANK,
		s.DIMISSION_REASON,s.DIMISSION_DATE,s.JOB_TITLE_ADJUSTMENT_REASON,s.JOB_TITLE_ADJUSTMENT_DATE,
    	s.STRUCT_ADJUST_REASON,s.STRUCT_ADJUST_DATE,s.reviewed_status,s.CC_ROLE_GROUP_ID,s.CC_ROLE_GROUP_NAME,
		d.ID as DEP_ID,d.NAME as DEP_NAME,d.CODE as DEP_CODE,d.PERSON_CHARGE as DEP_PERSON_CHARGE,d.PERSON_CHARGE_ID as DEP_PERSON_CHARGE_ID,d.PARENT_ID as DEP_PARENT_ID
	</sql>
	
	<!-- 员工部分信息 -->
	<sql id="staffPartColumns">
		s.ID, s.CS_ID, s.EMPLOYEE_NUM,s.reviewed_status, s.DEP_ID, s.NAME, s.NAME_SPELL, s.NICKNAME,s.ENTRY_DATE,s.JOB_TITLE,s.POSITION_STATUS,s.EDUCATION,s.PHONE_NO,s.RANK,s.CC_ROLE_GROUP_ID,s.CC_ROLE_GROUP_NAME,s.SUPERIOR,s.SUPERIOR_ID,
		d.ID as DEP_ID,d.NAME as DEP_NAME,d.CODE as DEP_CODE,d.PERSON_CHARGE as DEP_PERSON_CHARGE,d.PARENT_ID as DEP_PARENT_ID
	</sql>
	
    <!-- 创建信息 ,新建员工的职位状态都是1培训-->
    <insert id="insert" parameterType="Staff" useGeneratedKeys="true" keyProperty="id">
        insert into b_staff(<include refid="staffColumns"/>)
        values(null,#{csId},#{employeeNum},#{uId},#{depId},#{name},#{nameSpell},#{nickname},#{workingProperty},
        	#{phoneNo},#{email},#{idNumber},#{csExperience},#{workExperience},
        	#{birthdate},#{entryDate},#{quitDate},#{status},#{isCharged},
        	#{isMarried},#{sex},#{graduateSchool},#{children},#{major},
        	#{education},#{interviewer},#{leReviewer},#{remark},#{staffContract},#{costCompany},
        	1,#{onlineDate},#{trainingOfficer},#{traningSpeaker},#{aveScore},#{score},
        	#{result},#{service},#{jobTitle},#{superior},#{superiorId},#{leAccount},
        	#{createUser},#{createTime},#{updateUser},#{updateTime},1,#{lastModifyTime},#{rank},
        	#{dimissionReason},#{dimissionDate},#{jobTitleAdjustmentReason},#{jobTitleAdjustmentDate},
        	#{structAdjustReason},#{structAdjustDate},#{reviewedStatus},#{ccRoleGroupId},#{ccRoleGroupName})
    </insert>

    <!-- 修改信息 -->
    <update id="update" parameterType="Staff">
        <if test="_parameter != null">
            <if test="id != null and id > 0">
                update b_staff set
		        <if test="csId != null and csId != ''">
		        	CS_ID = #{csId,jdbcType=VARCHAR},
		        </if>
		        <if test="employeeNum != null and employeeNum != ''">
		        	EMPLOYEE_NUM = #{employeeNum,jdbcType=VARCHAR},
		        </if>
		        <if test="uId != null and uId != ''">
		        	U_ID = #{csId,jdbcType=DECIMAL},
		        </if>
		        <if test="depId != null and depId != ''">
		        	DEP_ID = #{depId,jdbcType=DECIMAL},
		        </if>
		        <if test="name != null and name != ''">
                	NAME = #{name,jdbcType=VARCHAR},
		        </if>
		        <if test="nameSpell != null and nameSpell != ''">
                	NAME_SPELL = #{nameSpell,jdbcType=VARCHAR},
		        </if>
		        <if test="nickname != null">
                	NICKNAME = #{nickname,jdbcType=VARCHAR},
		        </if>
		        <!-- 不加 “workingProperty != ''”的判断是因为当workingProperty为0的时候update更新无效，下面的isMarried、sex和children同理-->
		        <if test="workingProperty != null">
		        	WORKING_PROPERTY = #{workingProperty,jdbcType=DECIMAL},
		        </if>
		        <if test="phoneNo != null and phoneNo != ''">
		        	PHONE_NO = #{phoneNo,jdbcType=VARCHAR},
		        </if>
		        <if test="email != null and email != ''">
		        	EMAIL = #{email,jdbcType=VARCHAR},
		        </if>
		         <if test="idNumber != null and idNumber != ''">
		        	ID_NUMBER = #{idNumber,jdbcType=VARCHAR},
		        </if>
		        <if test="csExperience != null and csExperience != ''">
		        	CS_EXPERIENCE = #{csExperience,jdbcType=VARCHAR},
		        </if>
		        <if test="workExperience != null and workExperience != ''">
		        	WORK_EXPERIENCE = #{workExperience,jdbcType=VARCHAR},
		        </if>
		        <if test="birthdate != null and birthdate != ''">
		        	BIRTHDATE = #{birthdate,jdbcType=TIMESTAMP},
		        </if>
		        <if test="entryDate != null and entryDate != ''">
		        	ENTRY_DATE = #{entryDate,jdbcType=TIMESTAMP},
		        </if>
		        <if test="quitDate != null and quitDate != ''">
		        	QUIT_DATE = #{quitDate,jdbcType=TIMESTAMP},
		        </if>
		        <if test="status != null and status != ''">
		        	STATUS = #{status,jdbcType=VARCHAR},
		        </if>
		        <if test="isCharged != null and isCharged != ''">
		        	IS_CHARGED = #{isCharged,jdbcType=DECIMAL},
		        </if>
		        <if test="isMarried != null">
		        	IS_MARRIED = #{isMarried,jdbcType=DECIMAL},
		        </if>
		        <if test="sex != null">
		        	SEX = #{sex,jdbcType=INTEGER},
		        </if>
		        <if test="graduateSchool != null and graduateSchool != ''">
		        	GRADUATE_SCHOOL = #{graduateSchool,jdbcType=VARCHAR},
		        </if>
		        <if test="children != null">
		        	CHILDREN = #{children,jdbcType=DECIMAL},
		        </if>
		        <if test="major != null and major != ''">
		        	MAJOR = #{major,jdbcType=VARCHAR},
		        </if>
		        <if test="education != null and education != ''">
		        	EDUCATION = #{education,jdbcType=DECIMAL},
		        </if>
		        <if test="interviewer != null and interviewer != ''">
		        	INTERVIEWER = #{interviewer,jdbcType=VARCHAR},
		        </if>
		        <if test="leReviewer != null and leReviewer != ''">
		        	LE_REVIEWER = #{leReviewer,jdbcType=DECIMAL},
		        </if>
		        <if test="remark != null and remark != ''">
		        	REMARK = #{remark,jdbcType=VARCHAR},
		        </if>
		        <if test="staffContract != null">
		        	STAFF_CONTRACT = #{staffContract,jdbcType=DECIMAL},
		        </if>
		        <if test="costCompany != null and costCompany != ''">
		        	COST_COMPANY = #{costCompany,jdbcType=DECIMAL},
		        </if>
		        <if test="positionStatus != null and positionStatus != ''">
		        	POSITION_STATUS = #{positionStatus,jdbcType=VARCHAR},
		        </if>
		        <if test="onlineDate != null and onlineDate != ''">
		        	ONLINE_DATE = #{onlineDate,jdbcType=TIMESTAMP},
		        </if>
		        <if test="trainingOfficer != null and trainingOfficer != ''">
		        	TRAINING_OFFICER = #{trainingOfficer,jdbcType=VARCHAR},
		        </if>
		        <if test="traningSpeaker != null and traningSpeaker != ''">
		        	TRANING_SPEAKER = #{traningSpeaker,jdbcType=VARCHAR},
		        </if>
		        <if test="score != null and score != ''">
		        	SCORE = #{score,jdbcType=VARCHAR},
		        </if>
		        <if test="aveScore != null and aveScore != ''">
		        	AVE_SCORE = #{aveScore,jdbcType=VARCHAR},
		        </if>
		        <if test="result != null and result != ''">
		        	RESULT = #{result,jdbcType=VARCHAR},
		        </if>
		        <if test="service != null and service != ''">
		        	SERVICE = #{service,jdbcType=VARCHAR},
		        </if>
		        <if test="jobTitle != null and jobTitle != ''">
		        	JOB_TITLE = #{jobTitle,jdbcType=DECIMAL},
		        </if>
		        <if test="superior != null and superior != ''">
		        	SUPERIOR = #{superior,jdbcType=VARCHAR},
		        </if>
		        <if test="leAccount != null and leAccount != ''">
		        	LE_ACCOUNT = #{leAccount,jdbcType=VARCHAR},
		        </if>
		        <if test="createUser != null and createUser != ''">
		        	CREATE_USER = #{createUser,jdbcType=VARCHAR},
		        </if>
		        <if test="createTime != null and createTime != ''">
		        	CREATE_TIME = #{createTime,jdbcType=TIMESTAMP},
		        </if>
		        <if test="updateUser != null and updateUser != ''">
		        	UPDATE_USER = #{updateUser,jdbcType=VARCHAR},
		        </if>
		        <if test="yn != null">
		        	YN = #{yn,jdbcType=DECIMAL},
		        </if>
		        <if test="lastModifyTime != null and lastModifyTime != ''">
		        	LAST_MODIFY_TIME = #{lastModifyTime,jdbcType=TIMESTAMP},
		        </if>
		        <if test="dimissionReason != null and dimissionReason !=''">
		        	DIMISSION_REASON = #{dimissionReason,jdbcType=VARCHAR},
		        </if>
		        <if test="dimissionDate != null and dimissionDate !=''">
		        	DIMISSION_DATE = #{dimissionDate,jdbcType=TIMESTAMP},
		        </if>
		        <if test="jobTitleAdjustmentReason !=null and jobTitleAdjustmentReason != ''">
		        	JOB_TITLE_ADJUSTMENT_REASON = #{jobTitleAdjustmentReason,jdbcType=VARCHAR},
		        </if>
		        <if test="jobTitleAdjustmentDate !=null and jobTitleAdjustmentDate != ''">
		        	JOB_TITLE_ADJUSTMENT_DATE = #{jobTitleAdjustmentDate,jdbcType=TIMESTAMP},
		        </if>
		        <if test="structAdjustReason != null and structAdjustReason != ''">
		        	STRUCT_ADJUST_REASON = #{structAdjustReason,jdbcType=VARCHAR},
		        </if>
		        <if test="structAdjustDate !=null and structAdjustDate != ''">
		        	STRUCT_ADJUST_DATE = #{structAdjustDate,jdbcType=TIMESTAMP},
		        </if>
		        <if test="rank !=null and rank != ''">
		        	RANK = #{rank,jdbcType=DECIMAL},
		        </if>
				<if test="reviewedStatus !=null and reviewedStatus != ''">
					reviewed_status = #{reviewedStatus,jdbcType=DECIMAL},
				</if>
				<if test="ccRoleGroupId !=null and ccRoleGroupId != ''">
					CC_ROLE_GROUP_ID = #{ccRoleGroupId,jdbcType=VARCHAR},
				</if>
				<if test="ccRoleGroupName !=null and ccRoleGroupName != ''">
					CC_ROLE_GROUP_NAME = #{ccRoleGroupName,jdbcType=VARCHAR},
				</if>
                	update_time = now()
                where id = #{id}
            </if>
        </if>
    </update>

    <!-- 批量更新员工的上级 -->
    <update id="updateSuperiorByDepId" parameterType="Staff">
            <if test="depId != null and depId > 0">
                update b_staff set
                <if test="superior != null and superior != ''">
                    SUPERIOR = #{superior,jdbcType=VARCHAR},
                </if>
                <if test="superiorId != null and superiorId != ''">
                    SUPERIOR_ID = #{superiorId,jdbcType=DECIMAL},
                </if>
                update_time = now()
                where dep_id = #{depId,jdbcType=DECIMAL} and yn=1
        </if>
    </update>
     <!-- 获得刚插入用户的主键 -->
    <select id="getStaffId" resultType="java.lang.Long" parameterType="java.lang.String">
    	<if test="_parameter != null">
    		select max(ID) from b_staff where name = #{_parameter} and yn = 1
    	</if>
    </select>

    <!-- 根据主键获取对象信息 -->
    <select id="getStaffById" resultMap="StaffMap" parameterType="java.lang.Long">
        <if test="_parameter != null">
            select <include refid="staffDepColumns"/> from b_staff s left join b_dep d on s.dep_id=d.id
            where s.id = #{_parameter} and s.yn = 1
        </if>
    </select>
    <!-- 根据员工编号获得对象信息 -->
    <select id="getStaffByCsId" resultMap="StaffMap" parameterType="java.lang.String">
    	<if test="_parameter != null">
    		select <include refid="staffDepColumns"/> from b_staff s left join b_dep d on s.dep_id=d.id
            where s.cs_id = #{_parameter} and s.yn = 1 and s.position_status in(1,2,3)
    	</if>
    </select>
    <!-- 根据客服工号获得对象信息 -->
    <select id="getStaffByEmployeeNum" resultMap="StaffMap" parameterType="java.lang.String">
    	<if test="_parameter != null">
    		select <include refid="staffDepColumns"/> from b_staff s left join b_dep d on s.dep_id=d.id
            where s.employee_num = #{_parameter} and s.yn = 1 and s.position_status in(1,2,3)
    	</if>
    </select>
    <!-- 根据乐视账号获得对象信息 -->
	<select id="getStaffByLeAccount" resultMap="StaffMap" parameterType="java.lang.String">
    	<if test="_parameter != null">
    		select <include refid="staffDepColumns"/> from b_staff s left join b_dep d on s.dep_id=d.id
            where s.le_account = #{_parameter} and s.yn = 1
    	</if>
    </select>

    
    <!-- 根据查询Bean获取数据集合，不带翻页 -->
    <select id="queryStaffList" resultMap="StaffMap"
            parameterType="com.letv.css.portal.domain.query.StaffQuery">
        select <include refid="staffPartColumns"/> from b_staff s left join b_dep d on s.dep_id=d.id where <include refid="queryStaffListWhere"/>
    </select>

    <!-- 根据查询Bean获取数据集合，翻页 -->
    <select id="queryStaffListWithPage" resultMap="StaffMap"
            parameterType="com.letv.css.portal.domain.query.StaffQuery">
        select <include refid="staffPartColumns"/> from b_staff s left join b_dep d on s.dep_id=d.id where <include refid="queryStaffListWhere"/>
        order by id desc 
        limit #{startIndex},#{pageSize};
    </select>
    
    <!-- 根据查询Bean获取集合总数 -->
    <select id="queryStaffCount" resultType="java.lang.Integer"
            parameterType="com.letv.css.portal.domain.query.StaffQuery">
        select count(1) from b_staff s  left join b_dep d on s.dep_id=d.id where <include refid="queryStaffListWhere"/>
    </select>
    

    <!-- 删除信息 -->
    <update id="deleteStaffById" parameterType="java.lang.Long">
        <if test="_parameter != null and _parameter > 0">
            update b_staff s set yn = 0 where id = #{_parameter}
        </if>
    </update>

    <!-- 常用的查询Where条件 -->
    <sql id="queryStaffListWhere">
    	s.yn = 1 
    	<if test="id != null and id != ''">
            and s.ID like concat('%',#{id,jdbcType=DECIMAL},'%')
        </if>
		<if test="leAccount != null and leAccount != ''">
			and s.le_account = #{leAccount}
		</if>
		<if test="depId != null and depId != ''">
			and s.dep_id = #{depId}
		</if>
        <if test="depIds != null and depIds != ''">
            and d.ID in (${depIds})
        </if>
		<if test="service != null and service != ''">
			and s.service = #{service}
		</if>
    	<if test="csId != null and csId != ''">
          git   and s.CS_ID like concat('%',#{csId,jdbcType=VARCHAR},'%')
        </if>
        <if test="name != null and name != ''">
            and s.NAME like concat('%',#{name,jdbcType=VARCHAR},'%')
        </if>
        <if test="phoneNo != null and phoneNo != ''">
            and s.PHONE_NO like concat('%',#{phoneNo,jdbcType=VARCHAR},'%')
        </if>
        <if test="jobTitle != null and jobTitle != '' ">
            and s.JOB_TITLE = #{jobTitle,jdbcType=VARCHAR}
        </if>
        <if test="jobTitles != null and jobTitles != ''">
            and s.JOB_TITLE in (${jobTitles})
        </if>
        <!-- 默认不查询离职员工的信息 -->
        <choose>
	        <when test="positionStatus != null and positionStatus != ''">
	            and s.POSITION_STATUS = #{positionStatus,jdbcType=VARCHAR}
	        </when>
	        <otherwise>
	        	and s.POSITION_STATUS in (1,2,3)
	        </otherwise>
        </choose>
        <!-- 上级部门、同级部门时的查询情况 -->
        <if test="code!='' and code!= null">
	        <if test="range == 1 or range == 2">
	        	and d.CODE = #{code,jdbcType=VARCHAR}
	        </if>
	        <!-- 下级部门时的查询情况 -->
	        <if test="range ==3">
	        	and d.CODE like concat(#{code,jdbcType=VARCHAR},'%')
	        </if>
	        <if test="range=='' or range == null">
	        	and d.CODE like concat(#{code,jdbcType=VARCHAR},'%')
	        </if>
        </if>
    </sql>
</mapper>