<?xml version="1.0" encoding="UTF-8" ?>
<!DOCTYPE mapper PUBLIC "-//mybatis.org//DTD Mapper 3.0//EN" "http://mybatis.org/dtd/mybatis-3-mapper.dtd" >

<mapper namespace="ThresholdValue">

    <resultMap id="ThresholdValueMap" type="ThresholdValue">
    	<id column="ID" property="id" jdbcType="DECIMAL"/>
    	<result column="CODE" property="code" jdbcType="VARCHAR"/>
    	<result column="NAME" property="name" jdbcType="VARCHAR"/>
    	<result column="VALUE" property="value" jdbcType="VARCHAR"/>
    	<result column="CREATE_USER" property="createUser" jdbcType="VARCHAR"/>
    	<result column="CREATE_TIME" property="createTime" jdbcType="TIMESTAMP"/>
    	<result column="UPDATE_USER" property="updateUser" jdbcType="VARCHAR"/>
    	<result column="UPDATE_TIME" property="updateTime" jdbcType="TIMESTAMP"/>
    	<result column="YN" property="yn" jdbcType="DECIMAL"/>
    </resultMap>
    
   	<!-- 阈值参数全量信息 -->
    <sql id="thresholdValueColumns">
    	ID, CODE, NAME, VALUE, CREATE_USER, CREATE_TIME,UPDATE_USER, UPDATE_TIME, YN 
    </sql>
    
    <!-- 根据主键别名获取阈值参数 -->
    <select id="getInfoByCode" resultMap="ThresholdValueMap" parameterType="java.lang.String">
        <if test="_parameter != null">
            select <include refid="thresholdValueColumns"/> from b_threshold_value
            where CODE = #{_parameter} and YN = 1
        </if>
    </select>
    
</mapper>