<?xml version="1.0" encoding="UTF-8" ?>
<!DOCTYPE mapper PUBLIC "-//mybatis.org//DTD Mapper 3.0//EN" "http://mybatis.org/dtd/mybatis-3-mapper.dtd" >

<mapper namespace="UserDep">

    <resultMap id="UserDepMap" type="UserDep">
        <result column="ID" property="id" jdbcType="DECIMAL"/>
        <result column="USER_ID" property="userId" jdbcType="DECIMAL"/>
        <result column="DEP_ID" property="depId" jdbcType="DECIMAL"/>
        <result column="REMARK" property="remark" jdbcType="VARCHAR"/>
        <result column="CREATE_TIME" property="createTime" jdbcType="TIMESTAMP"/>
        <result column="CREATE_USER" property="createUser" jdbcType="VARCHAR"/>
        <result column="UPDATE_TIME" property="updateTime" jdbcType="TIMESTAMP"/>
        <result column="UPDATE_USER" property="updateUser" jdbcType="VARCHAR"/>
        <result column="YN" property="yn" jdbcType="DECIMAL"/>
    </resultMap>

    <sql id="userDepColumns">
    	USER_ID,DEP_ID,REMARK,CREATE_TIME,CREATE_USER,UPDATE_TIME,UPDATE_USER,YN
    </sql>

    <insert id="insert" parameterType="UserDep">
        insert into b_user_dep (<include refid="userDepColumns"/>)
        values(#{userId},#{depId},#{remark},now(),#{createUser},NULL,NULL,1)
    </insert>
    <update id="deleteUserDep" parameterType="UserDep">
        update b_user_dep set yn = 0, update_user = #{updateUser},update_time=now()
        where yn=1
        <if test="userId != null and userId > 0">
            and user_id = #{userId}
        </if>
        <if test="depId != null and depId > 0">
            and dep_id = #{depId}
        </if>
    </update> 
    <!-- 根据用户获取已经分配的部门 -->
    <select id="queryUserDepList" resultMap="UserDepMap" parameterType="java.lang.Long">
        <if test="_parameter != null">
            select <include refid="userDepColumns"/> from b_user_dep
            where yn=1 and user_id = #{_parameter}
        </if>
    </select>
    
    <!-- 根据用户ID集合查询拥有部门列表 -->
    <select id="queryDepListByUserIds" resultMap="UserDepMap" parameterType="UserDepQuery">
        <if test="_parameter != null">
            select <include refid="userDepColumns"/> from b_user_dep
            where yn=1 and user_id IN
                <foreach item="item" index="index" collection="userIds" open="(" separator="," close=")">
                    #{item}
                </foreach>
        </if>
    </select>
    
    <!-- 根据部门ID查询拥有该部门的用户集合 -->
    <select id="queryUsersByDepId" resultMap="UserDepMap" parameterType="java.lang.Long">
    	<if test="_parameter != null">
    		select <include refid="userDepColumns"/> from b_user_dep
    		where yn = 1 and dep_id = #{_parameter}
    	</if>
    </select>
</mapper>