<?xml version="1.0" encoding="UTF-8" ?>
<!DOCTYPE mapper PUBLIC "-//mybatis.org//DTD Mapper 3.0//EN" "http://mybatis.org/dtd/mybatis-3-mapper.dtd" >

<mapper namespace="User">

    <resultMap id="UserMap" type="User">
    	<result column="ID" property="id" jdbcType="DECIMAL"/>
    	<result column="USERNAME" property="username" jdbcType="VARCHAR"/>
    	<result column="PASSWORD" property="password" jdbcType="VARCHAR"/>
    	<result column="NAME" property="name" jdbcType="VARCHAR"/>
    	<result column="CODE" property="code" jdbcType="VARCHAR"/>
    	<result column="IS_CHARGED" property="isCharged" jdbcType="DECIMAL"/>
    	<result column="DEP_ID" property="depId" jdbcType="DECIMAL"/>
    	<result column="STAFF_ID" property="staffId" jdbcType="DECIMAL"/>
    	<result column="ALLOW_DEP_IDS" property="allowDepIds" jdbcType="VARCHAR"/>
    	<result column="CREATE_TIME" property="createTime" jdbcType="TIMESTAMP"/>
    	<result column="CREATE_USER" property="createUser" jdbcType="VARCHAR"/>
    	<result column="UPDATE_TIME" property="updateTime" jdbcType="TIMESTAMP"/>
    	<result column="UPDATE_USER" property="updateUser" jdbcType="VARCHAR"/>
    	<result column="YN" property="yn" jdbcType="DECIMAL"/>
    	<result column="REMARK" property="remark" jdbcType="VARCHAR"/>
    	<result column="LAST_MODIFY_TIME" property="lastModifyTime" jdbcType="TIMESTAMP"/>
   		<!-- 关联部门表 -->
    	<association property="dep" column="DEP_ID"  
            javaType="Dep" resultMap="joinDepResult" />
        <!-- 关联员工表 -->
        <association property="staff" column="STAFF_ID"
        	javaType="Staff" resultMap="joinStaffResult"/>  
    </resultMap>
    
    <!-- 关联部门表需要的列 -->  
    <resultMap type="Dep" id="joinDepResult">  
        <id property="id" column="DEP_ID" />  
        <result property="name" column="DEP_NAME" />  
        <result property="code" column="DEP_CODE" />  
    </resultMap>  
   	<!-- 关联员工表所需要的列 -->
   	<resultMap type="Staff" id="joinStaffResult">
   		<id property="id" column="STAFF_ID"/>
   		<result property="name" column="STAFF_NAME"/>
   		<result property="employeeNum" column="STAFF_EMPLOYEE_NUM"/>
   		<result property="staffContract" column="STAFF_STAFF_CONTRACT"/>
   		<result property="positionStatus" column="STAFF_POSITION_STATUS"/>
   		<result property="csId" column="STAFF_CS_ID"/>
   	</resultMap>
   
   
    <sql id="userColumns">
    	ID, STAFF_ID, DEP_ID,NAME, USERNAME, PASSWORD, IS_CHARGED, ALLOW_DEP_IDS, CREATE_USER, CREATE_TIME, UPDATE_USER, UPDATE_TIME, REMARK, YN, LAST_MODIFY_TIME
    </sql>
    <!-- 获取用户部门信息 -->
    <sql id="userDepColumns">
    	u.ID,u.STAFF_ID,u.USERNAME,u.PASSWORD,u.NAME,u.CODE,u.DEP_ID,u.ALLOW_DEP_IDS,u.CREATE_TIME,u.CREATE_USER,u.UPDATE_TIME,u.UPDATE_USER,u.YN,u.REMARK,u.LAST_MODIFY_TIME,
    	d.ID as DEP_ID,d.NAME as DEP_NAME,d.CODE as DEP_CODE
    </sql>
    <!-- 获取用户部门信息 -->
    <sql id="userDepStaffColumns">
    	u.ID,u.USERNAME,u.PASSWORD,u.NAME,u.CODE,u.DEP_ID,u.ALLOW_DEP_IDS,u.CREATE_TIME,u.CREATE_USER,u.UPDATE_TIME,u.UPDATE_USER,u.YN,u.REMARK,u.LAST_MODIFY_TIME,
    	d.ID as DEP_ID,d.NAME as DEP_NAME,d.CODE as DEP_CODE,
    	s.ID as STAFF_ID,s.NAME as STAFF_NAME,s.EMPLOYEE_NUM as STAFF_EMPLOYEE_NUM,s.STAFF_CONTRACT as STAFF_STAFF_CONTRACT,s.POSITION_STATUS as STAFF_POSITION_STATUS,s.CS_ID as STAFF_CS_ID
    </sql>
    <sql id="userUsedColumns">
   		USERNAME,PASSWORD,NAME,CODE,DEP_ID,STAFF_ID,CREATE_TIME,CREATE_USER,UPDATE_TIME,UPDATE_USER,YN,REMARK,LAST_MODIFY_TIME
    </sql>

    <!-- 创建信息 -->
    <insert id="insert" parameterType="User" useGeneratedKeys="true" keyProperty="id">
        insert into b_user(<include refid="userUsedColumns"/>)
        values(#{username},#{password},#{name},#{code},#{depId},#{staffId},now(),#{createUser},null,null,1,#{remark},#{lastModifyTime})
    </insert>

    <!-- 修改信息 -->
    <update id="update" parameterType="User">
        <if test="_parameter != null">
            <if test="id != null and id > 0">
                update b_user set
		        <if test="name != null and name != ''">
                	NAME = #{name,jdbcType=VARCHAR},
		        </if>
		        <if test="username != null and username != ''">
                	USERNAME = #{username,jdbcType=VARCHAR},
		        </if>
		        <if test="password != null and password != ''">
                	PASSWORD = #{password,jdbcType=VARCHAR},
		        </if>
		        <if test="staffId != null and staffId != ''">
                	STAFF_ID = #{staffId,jdbcType=DECIMAL},
		        </if>
		        <if test="depId != null and depId != ''">
                	DEP_ID = #{depId,jdbcType=DECIMAL},
		        </if>
		        <if test="allowDepIds != null and allowDepIds != ''">
		        	ALLOW_DEP_IDS = #{allowDepIds,jdbcType=VARCHAR},
		        </if>
		        <if test="updateUser != null and updateUser != ''">
                	UPDATE_USER = #{updateUser,jdbcType=VARCHAR},
		        </if>
		        <if test="remark != null and remark != ''">
                	REMARK = #{remark,jdbcType=VARCHAR},
		        </if>
		        <if test="code != null and code != ''">
                	CODE = #{code,jdbcType=VARCHAR},
		        </if>
		        <if test="lastModifyTime != null">
                	LAST_MODIFY_TIME = #{lastModifyTime,jdbcType=TIMESTAMP},
		        </if>
		        <if test="yn != null">
		        	YN = #{yn,jdbcType=DECIMAL},
		        </if>
                	update_time = now()
                where id = #{id}
            </if>
        </if>
    </update>
    

    <!-- 根据主键获取对象信息 -->
    <select id="getUserById" resultMap="UserMap" parameterType="java.lang.Long">
        <if test="_parameter != null">
            select <include refid="userDepColumns"/> from b_user u left join b_dep d on u.dep_id=d.id
            where u.id = #{_parameter} and u.yn = 1
        </if>
    </select>
    
    <select id="queryUsersByIds" resultMap="UserMap" parameterType="java.lang.String">
    	<if test="_parameter != null">
    		select <include refid="userColumns"/> from b_user u 
    		where yn = 1 and  u.id in 
    		<foreach item="item" index="index" collection="array" open="(" separator="," close=")">
                #{item}
            </foreach> 
    	</if>
    </select>
    
    <!-- 根据姓名获取对象信息 -->
    <select id="getUserByUsername" resultMap="UserMap" parameterType="java.lang.String">
        select <include refid="userDepColumns"/> from b_user u left join b_dep d on u.dep_id=d.id
        where u.username = #{_parameter} AND u.yn = 1 ORDER BY u.id DESC limit 1
    </select>
    
    <!-- 根据员工ID获取对象信息 -->
    <select id="getUserByStaffId" resultMap="UserMap" parameterType="java.lang.Long">
        select <include refid="userDepColumns"/> from b_user u left join b_dep d on u.dep_id=d.id
        where u.staff_id = #{_parameter} AND u.yn = 1
    </select>
    
    <!-- 获得所有用户信息 -->
    <select id="getAllUsers" resultMap="UserMap">
    	select <include refid="userColumns"/> from b_user where yn = 1 
    </select>
    
    <!-- 查询可用的（角色未已配置的）用户信息 -->
    <select id="queryAvailableUserList" resultMap="UserMap"
            parameterType="java.lang.Long">
        select <include refid="userColumns"/> FROM b_user 
		WHERE yn=1 AND id NOT IN (
			SELECT u_id FROM b_user_role WHERE yn=1 AND r_id = #{_parameter}
		)
    </select>
    
    <!-- 查询已配置该角色的用户信息 -->
    <select id="queryConfigedUserList" resultMap="UserMap"
            parameterType="java.lang.Long">
        select <include refid="userColumns"/> FROM b_user 
		WHERE yn=1 AND id IN (
			SELECT u_id FROM b_user_role WHERE yn=1 AND r_id = #{_parameter}
		)
    </select>

    <!-- 根据查询Bean获取数据集合，不带翻页 -->
    <select id="queryUserList" resultMap="UserMap"
            parameterType="com.letv.css.portal.domain.query.UserQuery">
        select <include refid="userDepColumns"/> from b_user u left join b_dep d on u.dep_id=d.id where <include refid="queryUserListWhere"/>
    </select>

    <!-- 根据查询Bean获取数据集合，翻页 -->
    <select id="queryUserListWithPage" resultMap="UserMap"
            parameterType="com.letv.css.portal.domain.query.UserQuery">
        select <include refid="userDepStaffColumns"/> from b_user u 
        	left join b_dep d on u.dep_id=d.id
        	left join b_staff s on u.staff_id=s.id  
        	where <include refid="queryUserDepListWhere"/>
        order by id desc 
        limit #{startIndex},#{pageSize};
    </select>
    
    <!-- 根据查询Bean获取数据集合，翻页 -->
    <select id="queryUserDepStaffListWhere" resultMap="UserMap"
            parameterType="com.letv.css.portal.domain.query.UserQuery">
        select <include refid="userDepStaffColumns"/> from b_user u 
        left join b_dep d on u.dep_id=d.id 
        left join b_staff s on u.staff_id=s.id 
        where <include refid="queryUserDepListWhere"/>
        order by id desc 
        limit #{startIndex},#{pageSize};
    </select>
    
    
    <!-- 根据查询Bean获取集合总数 -->
    <select id="queryUserCount" resultType="java.lang.Integer"
            parameterType="com.letv.css.portal.domain.query.UserQuery">
        select count(1) from b_user u 
        	left join b_dep d on u.dep_id=d.id 
        	left join b_staff s on u.staff_id=s.id 
        	where <include refid="queryUserDepListWhere"/>
    </select>
    

    <!-- 删除信息 -->
    <update id="deleteUserById" parameterType="java.lang.Long">
        <if test="_parameter != null and _parameter > 0">
            update b_user set yn = 0 where id = #{_parameter}
        </if>
    </update>

    <!-- 常用的查询Where条件 -->
    <sql id="queryUserListWhere">
    	u.yn =  1 
        <if test="name != null and name != ''">
            and USERNAME like concat('%',#{name,jdbcType=VARCHAR},'%')
        </if>
        <if test="password != null and password != ''">
            and PASSWORD like concat('%',#{password,jdbcType=VARCHAR},'%')
        </if>
        <if test="createUser != null and createUser != ''">
            and CREATE_USER like concat('%',#{createUser,jdbcType=VARCHAR},'%')
        </if>
        <if test="updateUser != null and updateUser != ''">
            and UPDATE_USER like concat('%',#{updateUser,jdbcType=VARCHAR},'%')
        </if>
        <if test="remark != null and remark != ''">
            and REMARK like concat('%',#{remark,jdbcType=VARCHAR},'%')
        </if>
    </sql>
    
     <!-- 常用的查询Where条件 -->
    <sql id="queryUserDepListWhere">
    	u.yn = 1 and (u.staff_id is null or s.position_status = 3)  
        <if test="name != null and name != ''">
            and (s.NAME is not null and s.NAME like concat('%',#{name,jdbcType=VARCHAR},'%'))
            or (u.staff_id is null and u.name like concat('%',#{name,jdbcType=VARCHAR},'%'))
        </if>
        <if test="code != null and code != ''">
            and (s.cs_id is not null and s.cs_id like concat('%',#{code,jdbcType=VARCHAR},'%'))
            or (u.staff_id is null and u.code like concat('%',#{code,jdbcType=VARCHAR},'%'))
        </if>
        <if test="depName != null and depName != ''">
            and u.DEP_NAME is not null and d.NAME like concat('%',#{depName,jdbcType=VARCHAR},'%')
        </if>
        <if test="username != null and username != ''">
            and u.USERNAME like concat('%',#{username,jdbcType=VARCHAR},'%')
        </if>
        <if test="staffContract != null">
            and s.STAFF_CONTRACT = #{staffContract,jdbcType=VARCHAR}
        </if>
        <if test="depId != null and depId != ''">
            and u.DEP_ID is not null and d.ID = #{depId,jdbcType=DECIMAL}
        </if>
        <if test="depIds != null and depIds != ''">
        	and d.ID in (${depIds})
        </if>
    </sql>
    
</mapper>