<?xml version="1.0" encoding="UTF-8" ?>
<!DOCTYPE mapper PUBLIC "-//mybatis.org//DTD Mapper 3.0//EN" "http://mybatis.org/dtd/mybatis-3-mapper.dtd" >

<mapper namespace="com.lemall.brd.bpo.dao.BAdjustChangeMapper">

    <resultMap id="AdjustChangeMap" type="com.lemall.brd.bpo.model.AdjustChange">
    	<id column="ID" property="id" jdbcType="DECIMAL"/>
    	<result column="staff_id" property="staffId" jdbcType="DECIMAL"/>
    	<result column="old_post" property="oldPost" jdbcType="DECIMAL"/>
    	<result column="new_post" property="newPost" jdbcType="DECIMAL"/>
    	<result column="old_department" property="oldDepartment" jdbcType="DECIMAL"/>
    	<result column="new_department" property="newDepartment" jdbcType="DECIMAL"/>
    	<result column="change_type" property="changeType" jdbcType="DECIMAL"/>
    	<result column="change_date" property="changeDate" jdbcType="TIMESTAMP"/>
    	<result column="reason" property="reason" jdbcType="VARCHAR"/>
    </resultMap>

	<sql id="userDepColumns">
		ID,staff_id,old_post,new_post,old_department,new_department,change_date,reason,change_type
	</sql>

	<select id="selectById" resultMap="AdjustChangeMap" parameterType="java.lang.Long">
		select <include refid="userDepColumns"/> from b_adjust_change u
		where u.id = #{id}
	</select>
</mapper>