<?xml version="1.0" encoding="UTF-8" ?>
<!DOCTYPE mapper PUBLIC "-//mybatis.org//DTD Mapper 3.0//EN" "http://mybatis.org/dtd/mybatis-3-mapper.dtd" >

<mapper namespace="com.lemall.brd.bpo.dao.BDepMapper">

	<resultMap id="DepMap" type="com.lemall.brd.bpo.model.BDep">
		<result column="ID" property="id" jdbcType="DECIMAL"/>
		<result column="NAME" property="name" jdbcType="VARCHAR"/>
		<result column="NUM" property="num" jdbcType="VARCHAR"/>
		<result column="CODE" property="code" jdbcType="VARCHAR"/>
		<result column="PARENT_ID" property="parentId" jdbcType="DECIMAL"/>
		<result column="HAS_CHILD" property="hasChild" jdbcType="DECIMAL"/>
		<result column="LEVEL" property="level" jdbcType="DECIMAL"/>
		<result column="HIERARCHY" property="hierarchy" jdbcType="DECIMAL"/>
		<result column="PRIORITY" property="priority" jdbcType="DECIMAL"/>
		<result column="PERSON_CHARGE" property="personCharge" jdbcType="VARCHAR"/>
		<result column="PERSON_CHARGE_ID" property="personChargeId" jdbcType="DECIMAL"/>
		<result column="DEP_TYPE" property="depType" jdbcType="DECIMAL"/>
		<result column="DEP_STATE" property="depState" jdbcType="DECIMAL"/>
		<result column="CREATE_TIME" property="createTime" jdbcType="TIMESTAMP"/>
		<result column="CREATE_USER" property="createUser" jdbcType="VARCHAR"/>
		<result column="UPDATE_TIME" property="updateTime" jdbcType="TIMESTAMP"/>
		<result column="UPDATE_USER" property="updateUser" jdbcType="VARCHAR"/>
		<result column="REMARK" property="remark" jdbcType="VARCHAR"/>
		<result column="YN" property="yn" jdbcType="DECIMAL"/>
		<result column="LAST_MODIFY_TIME" property="lastModifyTime" jdbcType="TIMESTAMP"/>
	</resultMap>
    
    <!-- 获取用户部门信息 -->
    <sql id="depColumns">
    	id,name,num,code,parent_id
    </sql>



    
    <!-- 根据员工ID获取对象信息 -->
    <select id="getById" resultMap="DepMap" parameterType="java.lang.Long">
        select <include refid="depColumns"/> from b_dep
        where id = #{_parameter}
    </select>





    
</mapper>