<?xml version="1.0" encoding="UTF-8" ?>
<!DOCTYPE mapper PUBLIC "-//mybatis.org//DTD Mapper 3.0//EN" "http://mybatis.org/dtd/mybatis-3-mapper.dtd" >

<mapper namespace="com.lemall.brd.bpo.dao.BDicMapper">

	<resultMap id="DicMap" type="com.lemall.brd.bpo.model.Dic">
		<result column="ID" property="id" jdbcType="DECIMAL"/>
		<result column="NUM" property="num" jdbcType="DECIMAL"/>
		<result column="NAME" property="name" jdbcType="VARCHAR"/>
		<result column="TYPE" property="type" jdbcType="VARCHAR"/>
		<result column="PARENT_ID" property="parentId" jdbcType="DECIMAL"/>
		<result column="PARENT_NUM" property="parentNum" jdbcType="DECIMAL"/>
		<result column="PARENT_NAME" property="parentName" jdbcType="VARCHAR"/>
		<result column="PARENT_TYPE" property="parentType" jdbcType="VARCHAR"/>
		<result column="PRIORITY" property="priority" jdbcType="DECIMAL"/>
		<result column="CREATE_USER" property="createUser" jdbcType="VARCHAR"/>
		<result column="CREATE_TIME" property="createTime" jdbcType="TIMESTAMP"/>
		<result column="UPDATE_USER" property="updateUser" jdbcType="VARCHAR"/>
		<result column="UPDATE_TIME" property="updateTime" jdbcType="TIMESTAMP"/>
		<result column="REMARK" property="remark" jdbcType="VARCHAR"/>
		<result column="YN" property="yn" jdbcType="DECIMAL"/>
	</resultMap>

	<!-- 数据字典全量信息 -->
	<sql id="dicColumns">
    	ID, NUM, NAME, TYPE, PARENT_ID, PARENT_NUM, PARENT_NAME, PARENT_TYPE, PRIORITY,
    	CREATE_USER, CREATE_TIME, UPDATE_USER, UPDATE_TIME, REMARK, YN
    </sql>

	<!-- 根据上级编码查询数据集合 -->
	<select id="getDicByNum" resultMap="DicMap" parameterType="com.lemall.brd.bpo.model.Dic">
		select <include refid="dicColumns"/>
		from b_dic
		where parent_num = #{parentNum}
		and num = #{num}
	</select>
    
</mapper>