<?xml version="1.0" encoding="UTF-8" ?>
<!DOCTYPE mapper PUBLIC "-//mybatis.org//DTD Mapper 3.0//EN" "http://mybatis.org/dtd/mybatis-3-mapper.dtd" >

<mapper namespace="com.lemall.brd.bpo.dao.BStaffMapper">

	<resultMap id="StaffMap" type="com.lemall.brd.bpo.model.BStaff">
		<id column="ID" property="id" jdbcType="DECIMAL"/>
		<result column="CS_ID" property="csId" jdbcType="VARCHAR"/>
		<result column="EMPLOYEE_NUM" property="employeeNum" jdbcType="VARCHAR"/>
		<result column="U_ID" property="uId" jdbcType="DECIMAL"/>
		<result column="DEP_ID" property="depId" jdbcType="DECIMAL"/>
		<result column="NAME" property="name" jdbcType="VARCHAR"/>
		<result column="NICKNAME" property="nickname" jdbcType="VARCHAR"/>
		<result column="WORKING_PROPERTY" property="workingProperty" jdbcType="DECIMAL"/>
		<result column="PHONE_NO" property="phoneNo" jdbcType="VARCHAR"/>
		<result column="EMAIL" property="email" jdbcType="VARCHAR"/>
		<result column="ID_NUMBER" property="idNumber" jdbcType="VARCHAR"/>
		<result column="CS_EXPERIENCE" property="csExperience" jdbcType="VARCHAR"/>
		<result column="WORK_EXPERIENCE" property="workExperience" jdbcType="VARCHAR"/>
		<result column="BIRTHDATE" property="birthdate" jdbcType="TIMESTAMP"/>
		<result column="ENTRY_DATE" property="entryDate" jdbcType="TIMESTAMP"/>
		<result column="QUIT_DATE" property="quitDate" jdbcType="TIMESTAMP"/>
		<result column="STATUS" property="status" jdbcType="VARCHAR"/>
		<result column="IS_CHARGED" property="isCharged" jdbcType="DECIMAL"/>
		<result column="IS_MARRIED" property="isMarried" jdbcType="DECIMAL"/>
		<result column="SEX" property="sex" jdbcType="DECIMAL"/>
		<result column="GRADUATE_SCHOOL" property="graduateSchool" jdbcType="VARCHAR"/>
		<result column="CHILDREN" property="children" jdbcType="DECIMAL"/>
		<result column="MAJOR" property="major" jdbcType="VARCHAR"/>
		<result column="EDUCATION" property="education" jdbcType="DECIMAL"/>
		<result column="INTERVIEWER" property="interviewer" jdbcType="VARCHAR"/>
		<result column="LE_REVIEWER" property="leReviewer" jdbcType="DECIMAL"/>
		<result column="REMARK" property="remark" jdbcType="VARCHAR"/>
		<result column="STAFF_CONTRACT" property="staffContract" jdbcType="DECIMAL"/>
		<result column="COST_COMPANY" property="costCompany" jdbcType="DECIMAL"/>
		<result column="POSITION_STATUS" property="positionStatus" jdbcType="VARCHAR"/>
		<result column="ONLINE_DATE" property="onlineDate" jdbcType="TIMESTAMP"/>
		<result column="TRAINING_OFFICER" property="trainingOfficer" jdbcType="VARCHAR"/>
		<result column="TRANING_SPEAKER" property="traningSpeaker" jdbcType="VARCHAR"/>
		<result column="AVE_SCORE" property="aveScore" jdbcType="VARCHAR"/>
		<result column="SCORE" property="score" jdbcType="VARCHAR"/>
		<result column="RESULT" property="result" jdbcType="VARCHAR"/>
		<result column="SERVICE" property="service" jdbcType="DECIMAL"/>
		<result column="JOB_TITLE" property="jobTitle" jdbcType="DECIMAL"/>
		<result column="SUPERIOR" property="superior" jdbcType="VARCHAR"/>
		<result column="LE_ACCOUNT" property="leAccount" jdbcType="VARCHAR"/>
		<result column="CREATE_USER" property="createUser" jdbcType="VARCHAR"/>
		<result column="CREATE_TIME" property="createTime" jdbcType="TIMESTAMP"/>
		<result column="UPDATE_USER" property="updateUser" jdbcType="VARCHAR"/>
		<result column="UPDATE_TIME" property="updateTime" jdbcType="TIMESTAMP"/>
		<result column="YN" property="yn" jdbcType="DECIMAL"/>
		<result column="LAST_MODIFY_TIME" property="lastModifyTime" jdbcType="TIMESTAMP"/>
		<result column="DIMISSION_REASON" property="dimissionReason" jdbcType="VARCHAR"/>
		<result column="DIMISSION_DATE" property="dimissionDate" jdbcType="TIMESTAMP"/>
		<result column="JOB_TITLE_ADJUSTMENT_REASON" property="jobTitleAdjustmentReason" jdbcType="VARCHAR"/>
		<result column="JOB_TITLE_ADJUSTMENT_DATE" property="jobTitleAdjustmentDate" jdbcType="TIMESTAMP"/>
		<result column="STRUCT_ADJUST_REASON" property="structAdjustReason" jdbcType="VARCHAR" />
		<result column="STRUCT_ADJUST_DATE" property="structAdjustDate" jdbcType="TIMESTAMP" />
		<result column="RANK" property="rank" jdbcType="DECIMAL" />
		<result column="CC_ROLE_GROUP_ID" property="ccRoleGroupId" jdbcType="VARCHAR"/>
		<result column="CC_ROLE_GROUP_NAME" property="ccRoleGroupName" jdbcType="VARCHAR"/>
	</resultMap>

	<!-- 员工全量信息 -->
	<sql id="staffColumns">
		ID, CS_ID, EMPLOYEE_NUM, U_ID, DEP_ID, NAME, NICKNAME, WORKING_PROPERTY,
		PHONE_NO, EMAIL, ID_NUMBER, CS_EXPERIENCE, WORK_EXPERIENCE,
		BIRTHDATE, ENTRY_DATE, QUIT_DATE, STATUS, IS_CHARGED,
		IS_MARRIED, SEX, GRADUATE_SCHOOL, CHILDREN, MAJOR,
		EDUCATION, INTERVIEWER, LE_REVIEWER, REMARK, STAFF_CONTRACT, COST_COMPANY,
		POSITION_STATUS, ONLINE_DATE, TRAINING_OFFICER, TRANING_SPEAKER, AVE_SCORE, SCORE,
		RESULT, SERVICE, JOB_TITLE, SUPERIOR, LE_ACCOUNT,
		CREATE_USER, CREATE_TIME, UPDATE_USER, UPDATE_TIME, YN, LAST_MODIFY_TIME,RANK,
		DIMISSION_REASON,DIMISSION_DATE,JOB_TITLE_ADJUSTMENT_REASON,JOB_TITLE_ADJUSTMENT_DATE,
		STRUCT_ADJUST_REASON,STRUCT_ADJUST_DATE,CC_ROLE_GROUP_ID,CC_ROLE_GROUP_NAME
	</sql>




	<!-- 根据乐视账号获得对象信息 -->
	<select id="getById" resultMap="StaffMap" parameterType="java.lang.Long">
		<if test="_parameter != null">
			select <include refid="staffColumns"/> from b_staff
			where id = #{_parameter}
		</if>
	</select>



</mapper>