<?xml version="1.0" encoding="UTF-8" ?>
<!DOCTYPE mapper PUBLIC "-//mybatis.org//DTD Mapper 3.0//EN" "http://mybatis.org/dtd/mybatis-3-mapper.dtd" >

<mapper namespace="com.lemall.brd.bpo.dao.BUserDepMapper">

    <resultMap id="UserDepMap" type="com.lemall.brd.bpo.model.BUserDep">
        <result column="ID" property="id" jdbcType="DECIMAL"/>
        <result column="USER_ID" property="userId" jdbcType="DECIMAL"/>
        <result column="DEP_ID" property="depId" jdbcType="DECIMAL"/>
        <result column="REMARK" property="remark" jdbcType="VARCHAR"/>
        <result column="CREATE_TIME" property="createTime" jdbcType="TIMESTAMP"/>
        <result column="CREATE_USER" property="createUser" jdbcType="VARCHAR"/>
        <result column="UPDATE_TIME" property="updateTime" jdbcType="TIMESTAMP"/>
        <result column="UPDATE_USER" property="updateUser" jdbcType="VARCHAR"/>
        <result column="YN" property="yn" jdbcType="DECIMAL"/>
    </resultMap>

    <sql id="userDepColumns">
    	USER_ID,DEP_ID,REMARK,CREATE_TIME,CREATE_USER,UPDATE_TIME,UPDATE_USER,YN
    </sql>

    <!-- 根据用户获取已经分配的部门 -->
    <select id="getByUserId" resultMap="UserDepMap" parameterType="java.lang.Long">
        <if test="_parameter != null">
            select <include refid="userDepColumns"/> from b_user_dep
            where yn=1 and user_id = #{_parameter}
        </if>
    </select>

</mapper>