<?xml version="1.0" encoding="UTF-8" ?>
<!DOCTYPE mapper PUBLIC "-//mybatis.org//DTD Mapper 3.0//EN" "http://mybatis.org/dtd/mybatis-3-mapper.dtd" >

<mapper namespace="com.lemall.brd.bpo.dao.BUserMapper">

    <resultMap id="BaseResultMap" type="com.lemall.brd.bpo.model.BUser">
    	<result column="ID" property="id" jdbcType="DECIMAL"/>
    	<result column="USERNAME" property="userName" jdbcType="VARCHAR"/>
    	<result column="PASSWORD" property="passWord" jdbcType="VARCHAR"/>
    	<result column="NAME" property="name" jdbcType="VARCHAR"/>
    	<result column="CODE" property="code" jdbcType="VARCHAR"/>
    	<result column="IS_CHARGED" property="isCharged" jdbcType="DECIMAL"/>
    	<result column="DEP_ID" property="depId" jdbcType="DECIMAL"/>
    	<result column="STAFF_ID" property="staffId" jdbcType="DECIMAL"/>
    	<result column="ALLOW_DEP_IDS" property="allowDepIds" jdbcType="VARCHAR"/>
    	<result column="CREATE_TIME" property="createTime" jdbcType="TIMESTAMP"/>
    	<result column="CREATE_USER" property="createUser" jdbcType="VARCHAR"/>
    	<result column="UPDATE_TIME" property="updateTime" jdbcType="TIMESTAMP"/>
    	<result column="UPDATE_USER" property="updateUser" jdbcType="VARCHAR"/>
    	<result column="YN" property="yn" jdbcType="DECIMAL"/>
    	<result column="REMARK" property="remark" jdbcType="VARCHAR"/>
    	<result column="LAST_MODIFY_TIME" property="lastModifyTime" jdbcType="TIMESTAMP"/>
   		<!-- 关联部门表 -->
        <!--<association property="dep" column="DEP_ID"
            javaType="Dep" resultMap="joinDepResult" />-->
        <!-- 关联员工表 -->
        <!--<association property="staff" column="STAFF_ID"
        	javaType="Staff" resultMap="joinStaffResult"/>  -->
    </resultMap>
    
    <!-- 关联部门表需要的列 -->  
<!--    <resultMap type="Dep" id="joinDepResult">
        <id property="id" column="DEP_ID" />  
        <result property="name" column="DEP_NAME" />  
        <result property="code" column="DEP_CODE" />  
    </resultMap> -->
   	<!-- 关联员工表所需要的列 -->
<!--   	<resultMap type="Staff" id="joinStaffResult">
   		<id property="id" column="STAFF_ID"/>
   		<result property="name" column="STAFF_NAME"/>
   		<result property="employeeNum" column="STAFF_EMPLOYEE_NUM"/>
   		<result property="staffContract" column="STAFF_STAFF_CONTRACT"/>
   		<result property="positionStatus" column="STAFF_POSITION_STATUS"/>
   		<result property="csId" column="STAFF_CS_ID"/>
   	</resultMap>-->
   
   
    <sql id="userColumns">
    	ID, STAFF_ID, DEP_ID, USERNAME, PASSWORD, IS_CHARGED, ALLOW_DEP_IDS, CREATE_USER, CREATE_TIME, UPDATE_USER, UPDATE_TIME, REMARK, YN, LAST_MODIFY_TIME
    </sql>
    <!-- 获取用户部门信息 -->
    <sql id="userDepColumns">
    	u.ID,u.STAFF_ID,u.USERNAME,u.PASSWORD,u.NAME,u.CODE,u.DEP_ID,u.ALLOW_DEP_IDS,u.CREATE_TIME,u.CREATE_USER,u.UPDATE_TIME,u.UPDATE_USER,u.YN,u.REMARK,u.LAST_MODIFY_TIME
    </sql>



    
    <!-- 根据员工ID获取对象信息 -->
    <select id="getUserById" resultMap="BaseResultMap" parameterType="java.lang.Long">
        select <include refid="userDepColumns"/> from b_user u
        where u.id = #{_parameter} AND u.yn = 1
    </select>





    
</mapper>