<?xml version="1.0" encoding="UTF-8" ?>
<!DOCTYPE mapper PUBLIC "-//mybatis.org//DTD Mapper 3.0//EN" "http://mybatis.org/dtd/mybatis-3-mapper.dtd" >
<mapper namespace="com.lemall.brd.bpo.dao.BWorkFlowDicMapper" >
    <resultMap id="BaseResultMap" type="com.lemall.brd.bpo.model.BWorkFlowDic" >
        <id column="id" property="id" jdbcType="BIGINT" />
        <result column="flow_id" property="flowId" jdbcType="VARCHAR" />
        <result column="status_id" property="statusId" jdbcType="VARCHAR" />
        <result column="action_id" property="actionId" jdbcType="VARCHAR" />
        <result column="creation_date" property="creationDate" jdbcType="TIMESTAMP" />
        <result column="created_by" property="createdBy" jdbcType="VARCHAR"/>
        <result column="change_date" property="changeDate" jdbcType="TIMESTAMP" />
        <result column="changed_by" property="changedBy" jdbcType="VARCHAR" />
        <result column="json" property="json" jdbcType="VARCHAR" />
        <result column="r_code" property="rCode" jdbcType="VARCHAR" />
    </resultMap>
    <sql id="Base_Column_List" >
        id, flow_id, status_id, action_id, creation_date, created_by, change_date, changed_by,json,r_code
    </sql>
    <select id="getById" resultMap="BaseResultMap" parameterType="java.lang.Long" >
        select
        <include refid="Base_Column_List" />
        from b_workflow_dic
        where id = #{id,jdbcType=BIGINT}
    </select>
    <select id="getByCode" resultType="java.lang.String" >
        select
        DISTINCT json
        from b_workflow_dic
        where r_code in
        <foreach item="item" index="index" collection="list" open="(" separator="," close=")">
        #{item}
        </foreach>
    </select>
</mapper>