<?xml version="1.0" encoding="UTF-8" ?>
<!DOCTYPE mapper PUBLIC "-//mybatis.org//DTD Mapper 3.0//EN" "http://mybatis.org/dtd/mybatis-3-mapper.dtd" >
<mapper namespace="com.lemall.brd.bpo.dao.CommonQueueMapper" >
  <resultMap id="BaseResultMap" type="com.lemall.brd.bpo.model.CommonQueue" >
    <id column="id" property="id" jdbcType="BIGINT" />
    <result column="event_id" property="eventId" jdbcType="INTEGER" />
    <result column="only_id" property="onlyId" jdbcType="INTEGER" />
    <result column="status" property="status" jdbcType="INTEGER" />
    <result column="creation_date" property="creationDate" jdbcType="TIMESTAMP" />
    <result column="created_by" property="createdBy" jdbcType="VARCHAR"/>
    <result column="change_date" property="changeDate" jdbcType="TIMESTAMP" />
    <result column="changed_by" property="changedBy" jdbcType="VARCHAR" />
    <result column="request_num" property="requestNum" jdbcType="INTEGER" />
    <result column="request_remake" property="requestRemake" jdbcType="VARCHAR" />
    <result column="only_type" property="onlyType" jdbcType="VARCHAR" />
  </resultMap>
  <sql id="Base_Column_List" >
    id, event_id, only_id, status, creation_date, created_by, change_date, changed_by, request_num ,request_remake,only_type
  </sql>
  <select id="selectByPrimaryKey" resultMap="BaseResultMap" parameterType="java.lang.Long" >
    select 
    <include refid="Base_Column_List" />
    from common_queue
    where id = #{id,jdbcType=BIGINT}
  </select>
  <insert id="insert" parameterType="com.lemall.brd.bpo.model.CommonQueue" >
    insert into common_queue (id, event_id, order_id,
      status, create_at, update_at,
      execute_count)
    values (#{id,jdbcType=BIGINT}, #{eventId,jdbcType=INTEGER}, #{orderId,jdbcType=CHAR},
      #{status,jdbcType=INTEGER}, #{createAt,jdbcType=TIMESTAMP}, #{updateAt,jdbcType=TIMESTAMP},
      #{executeCount,jdbcType=TINYINT})
  </insert>
  <insert id="insertSelective" parameterType="com.lemall.brd.bpo.model.CommonQueue" >
    insert into common_queue
    <trim prefix="(" suffix=")" suffixOverrides="," >
      <if test="id != null" >
        id,
      </if>
      <if test="eventId != null" >
        event_id,
      </if>
      <if test="orderId != null" >
        order_id,
      </if>
      <if test="status != null" >
        status,
      </if>
      <if test="createAt != null" >
        create_at,
      </if>
      <if test="updateAt != null" >
        update_at,
      </if>
      <if test="executeCount != null" >
        execute_count,
      </if>
    </trim>
    <trim prefix="values (" suffix=")" suffixOverrides="," >
      <if test="id != null" >
        #{id,jdbcType=BIGINT},
      </if>
      <if test="eventId != null" >
        #{eventId,jdbcType=INTEGER},
      </if>
      <if test="orderId != null" >
        #{orderId,jdbcType=CHAR},
      </if>
      <if test="status != null" >
        #{status,jdbcType=INTEGER},
      </if>
      <if test="createAt != null" >
        #{createAt,jdbcType=TIMESTAMP},
      </if>
      <if test="updateAt != null" >
        #{updateAt,jdbcType=TIMESTAMP},
      </if>
      <if test="executeCount != null" >
        #{executeCount,jdbcType=TINYINT},
      </if>
    </trim>
  </insert>
  <update id="update" parameterType="com.lemall.brd.bpo.model.CommonQueue" >
    update common_queue
    <set >
      <if test="eventId != null" >
        event_id = #{eventId,jdbcType=INTEGER},
      </if>
      <if test="status != null" >
        status = #{status,jdbcType=INTEGER},
      </if>
      <if test="requestRemake != null" >
        request_remake = #{requestRemake},
      </if>
      <if test="changeDate != null" >
        change_date = #{changeDate,jdbcType=TIMESTAMP},
      </if>
      <if test="changedBy != null" >
        changed_by = #{changedBy,jdbcType=TIMESTAMP},
      </if>
      <if test="requestNum != null" >
        request_num = #{requestNum,jdbcType=INTEGER},
      </if>
    </set>
    where id = #{id,jdbcType=BIGINT}
  </update>
  <update id="updateByPrimaryKey" parameterType="com.lemall.brd.bpo.model.CommonQueue" >
    update common_queue
    set event_id = #{eventId,jdbcType=INTEGER},
      order_id = #{orderId,jdbcType=CHAR},
      status = #{status,jdbcType=INTEGER},
      create_at = #{createAt,jdbcType=TIMESTAMP},
      update_at = #{updateAt,jdbcType=TIMESTAMP},
      execute_count = #{executeCount,jdbcType=TINYINT}
    where id = #{id,jdbcType=BIGINT}
  </update>
  <select id="getInitList" resultMap="BaseResultMap"  >
    SELECT <include refid="Base_Column_List"/>
    FROM common_queue
    <where> status = #{status,jdbcType=INTEGER}
    AND event_id=#{eventId,jdbcType=INTEGER}
    AND request_num&lt;=10
    </where>
    ORDER BY creation_date
  </select>
  <update id="updateStatusByPrimaryKey" parameterType="com.lemall.brd.bpo.model.CommonQueue" >
    UPDATE common_queue
    SET status = #{status,jdbcType=INTEGER}, update_at = NOW(), execute_count = execute_count + 1
    WHERE id = #{id,jdbcType=BIGINT}
  </update>
  <update id="updateReqNumByType" parameterType="com.lemall.brd.bpo.model.CommonQueue">
    <if test="eventId != null">
      <if test="dayNum != null">
      update common_queue
      set request_num = 0,
        request_remake=concat(request_remake,'init job')
      where
        status = 0
        and event_id = #{eventId,jdbcType=INTEGER}
        and DATE_SUB(CURDATE(), INTERVAL #{dayNum,jdbcType=INTEGER} DAY) <![CDATA[<=]]> date(change_date)
      </if>
    </if>
  </update>
</mapper>