<?xml version="1.0" encoding="UTF-8" ?>
<!DOCTYPE mapper PUBLIC "-//mybatis.org//DTD Mapper 3.0//EN" "http://mybatis.org/dtd/mybatis-3-mapper.dtd" >

<mapper namespace="com.lemall.brd.bpo.dao.LeaveMapper">

	<resultMap id="LeaveMap" type="com.lemall.brd.bpo.model.Leave">
		<result column="ID" property="id" jdbcType="DECIMAL"/>
		<result column="STAFF_ID" property="staffId" jdbcType="DECIMAL"/>
		<result column="LEAVE_TYPE" property="leaveType" jdbcType="INTEGER"/>
		<result column="LEAVE_START_TIME" property="leaveStartTime" jdbcType="TIMESTAMP"/>
		<result column="LEAVE_END_TIME" property="leaveEndTime" jdbcType="TIMESTAMP"/>
		<result column="LEAVE_DAYS" property="leaveDays" jdbcType="DECIMAL"/>
		<result column="LEAVE_DESC" property="leaveDesc" jdbcType="VARCHAR"/>
		<result column="STATUS" property="status" jdbcType="INTEGER"/>
		<result column="CREATE_TIME" property="createTime" jdbcType="TIMESTAMP"/>
		<result column="CREATE_USER" property="createUser" jdbcType="VARCHAR"/>
		<result column="UPDATE_TIME" property="updateTime" jdbcType="TIMESTAMP"/>
		<result column="UPDATE_USER" property="updateUser" jdbcType="VARCHAR"/>
	</resultMap>

	<!-- 请假全量信息 -->
	<sql id="leaveColumns">
    	ID, STAFF_ID, LEAVE_TYPE,LEAVE_START_TIME, LEAVE_END_TIME, LEAVE_DAYS, LEAVE_DESC, STATUS,
    	CREATE_USER, CREATE_TIME, UPDATE_USER, UPDATE_TIME
    </sql>


    <!-- 根据请假任务ID获取对象信息 -->
    <select id="getById" resultMap="LeaveMap" parameterType="java.lang.Long">
        select <include refid="leaveColumns"/>
		from b_leave
        where id = #{id,jdbcType=BIGINT}
    </select>

	<update id="updateStatus" parameterType="com.lemall.brd.bpo.model.Leave" >
		update b_leave
		set status = #{status,jdbcType=INTEGER},
		update_user = #{updateUser,jdbcType=VARCHAR},
		update_time = now()
		where id = #{id,jdbcType=BIGINT}
	</update>
</mapper>