<?xml version="1.0" encoding="UTF-8" ?>
<!DOCTYPE mapper PUBLIC "-//mybatis.org//DTD Mapper 3.0//EN" "http://mybatis.org/dtd/mybatis-3-mapper.dtd" >

<mapper namespace="com.lemall.brd.bpo.dao.ResourceMapper">

    <resultMap id="ResourceMap" type="com.lemall.brd.bpo.model.Resource">
		<result column="ID" property="id" jdbcType="DECIMAL" />
		<result column="SYS_CODE" property="sysCode" jdbcType="VARCHAR" />
		<result column="TYPE" property="type" jdbcType="DECIMAL" />
		<result column="CODE" property="code" jdbcType="VARCHAR" />
		<result column="NAME" property="name" jdbcType="VARCHAR" />
		<result column="EN_NAME" property="enname" jdbcType="VARCHAR" />
		<result column="HK_NAME" property="hkname" jdbcType="VARCHAR" />
		<result column="URL" property="url" jdbcType="VARCHAR" />
		<result column="IS_CLICK" property="isClick" jdbcType="DECIMAL" />
		<result column="PARENT_ID" property="parentId" jdbcType="DECIMAL" />
		<result column="HAS_CHILD" property="hasChild" jdbcType="DECIMAL" />
		<result column="LEVEL" property="level" jdbcType="DECIMAL" />
		<result column="PRIORITY" property="priority" jdbcType="DECIMAL" />
		<result column="ICON" property="icon" jdbcType="VARCHAR" />
		<result column="REMARK" property="remark" jdbcType="VARCHAR" />
		<result column="CREATE_TIME" property="createTime" jdbcType="TIMESTAMP" />
		<result column="CREATE_USER" property="createUser" jdbcType="VARCHAR" />
		<result column="UPDATE_TIME" property="updateTime" jdbcType="TIMESTAMP" />
		<result column="UPDATE_USER" property="updateUser" jdbcType="VARCHAR" />
		<result column="YN" property="yn" jdbcType="DECIMAL" />
    </resultMap>

    <sql id="resourceColumns">
    	ID,SYS_CODE,TYPE,CODE,NAME,EN_NAME,HK_NAME,URL,IS_CLICK,PARENT_ID,HAS_CHILD,LEVEL,PRIORITY,ICON,REMARK,CREATE_TIME,CREATE_USER,UPDATE_TIME,UPDATE_USER,YN
    </sql>
    
	 <!-- 权限查询 -->
	<select id="queryCode" resultType="java.lang.String" >
		SELECT  DISTINCT CODE
		FROM  b_resource
		where yn=1
           AND id in
            <foreach item="item" index="index" collection="list" open="(" separator="," close=")">
  				#{item}  
 			</foreach>

	</select>
	
</mapper>