<?xml version="1.0" encoding="UTF-8" ?>
<!DOCTYPE mapper PUBLIC "-//mybatis.org//DTD Mapper 3.0//EN" "http://mybatis.org/dtd/mybatis-3-mapper.dtd" >

<mapper namespace="com.lemall.brd.bpo.dao.ScheduleInfoMapper">
    <resultMap id="SchedulingInfoMap" type="com.lemall.brd.bpo.model.SchedulingInfo">
        <result column="ID" property="id" jdbcType="DECIMAL"/>
        <result column="SP_ID" property="spId" jdbcType="VARCHAR"/>
        <result column="S_ID" property="sId" jdbcType="DECIMAL"/>
        <result column="SD_ID" property="sdId" jdbcType="DECIMAL"/>
        <result column="DEP_ID" property="depId" jdbcType="DECIMAL"/>
        <result column="STAFF_ID" property="staffId" jdbcType="DECIMAL"/>
        <result column="CS_ID" property="csId" jdbcType="VARCHAR"/>
        <result column="BUS_ID" property="busId" jdbcType="DECIMAL"/>
        <result column="BUS_NAME" property="busName" jdbcType="VARCHAR"/>
        <result column="PLAN_DATE" property="planDate" jdbcType="TIMESTAMP"/>
        <result column="SHIFTS_ID" property="shiftsId" jdbcType="DECIMAL"/>
        <result column="PERIOD_ID" property="periodId" jdbcType="DECIMAL"/>
        <result column="BEGIN_TIME" property="beginTime" jdbcType="TIMESTAMP"/>
        <result column="END_TIME" property="endTime" jdbcType="TIMESTAMP"/>
        <result column="MEAL_STANDARD" property="mealStandard" jdbcType="DECIMAL"/>
        <result column="CREATE_TIME" property="createTime" jdbcType="TIMESTAMP"/>
        <result column="CREATE_USER" property="createUser" jdbcType="VARCHAR"/>
        <result column="UPDATE_TIME" property="updateTime" jdbcType="TIMESTAMP"/>
        <result column="UPDATE_USER" property="updateUser" jdbcType="VARCHAR"/>
        <result column="REMARK" property="remark" jdbcType="VARCHAR"/>
        <result column="YN" property="yn" jdbcType="DECIMAL"/>
    </resultMap>

    <sql id="schedulingInfoColumns">
    ID,SP_ID,S_ID,SD_ID,DEP_ID,STAFF_ID,CS_ID,BUS_ID,BUS_NAME,PLAN_DATE,SHIFTS_ID,PERIOD_ID,BEGIN_TIME,END_TIME,MEAL_STANDARD,CREATE_USER,CREATE_TIME,UPDATE_TIME,UPDATE_USER,REMARK,YN
    </sql>
    <sql id="schedulingInfoInsertColumns">
    SP_ID,S_ID,SD_ID,DEP_ID,STAFF_ID,CS_ID,BUS_ID,BUS_NAME,PLAN_DATE,SHIFTS_ID,PERIOD_ID,BEGIN_TIME,END_TIME,MEAL_STANDARD,CREATE_USER,CREATE_TIME,YN
    </sql>
    <!-- 根据SID查询排班班次信息 -->
    <select id="queryBySid" resultMap="SchedulingInfoMap" parameterType="java.lang.Long">
        <if test="_parameter != null">
            select
            <include refid="schedulingInfoColumns"/>
            from b_scheduling_info
            where yn=1 and S_ID = #{_parameter}
        </if>
    </select>
    <!-- 根据排班信息SID生成排班记录 -->
    <insert id="insertsBySId" parameterType="java.lang.Long">
        insert into b_scheduling_info (<include refid="schedulingInfoInsertColumns"/>)
        select s.SP_ID,sd.S_ID,sd.ID as SD_ID,sd.DEP_ID,sd.STAFF_ID,sd.CS_ID,sd.BUS_ID,sd.BUS_NAME,
        CASE WHEN sp.`IS_NEXT_DAY` =1 THEN DATE_ADD(sd.PLAN_DATE,INTERVAL 1 DAY) ELSE sd.PLAN_DATE END AS PLAN_DATE
        ,sd.SHIFTS_ID,sp.ID as PERIOD_ID,sp.BEGIN_TIME,sp.END_TIME,sp.MEAL_STANDARD,'bpoJob Add',NOW(),1
        from b_scheduling_detail sd JOIN b_shifts_period sp ON sd.SHIFTS_ID=sp.SHIFTS_ID
        LEFT JOIN b_scheduling s on sd.S_ID=s.ID
        where sd.S_ID = #{id,jdbcType=BIGINT} and sd.yn=1 and sp.yn=1 and s.yn=1
        and PLAN_DATE <![CDATA[>]]> DATE_FORMAT(sd.create_time,'%Y%-%m%-%d% 00:00:00')
    </insert>
    <!-- 标记删除排班信息,不删除本次刚刚导入的,删除大于今天的业务 -->
    <update id="deleteByQuery" parameterType="com.lemall.brd.bpo.query.SchedulingInfoQuery">
        <if test="sId != null and sId !=''">
            <if test="sDepId != null and sDepId !=''">
                <if test="sBeginTime != null and sBeginTime !=''">
                    <if test="sEndTime != null and sEndTime !=''">
                        UPDATE b_scheduling_info
                        set yn=0,
                        <if test="updateUser != null and updateUser != ''">
                            UPDATE_USER = #{updateUser,jdbcType=VARCHAR},
                        </if>
                        UPDATE_TIME = now()
                        WHERE
                        S_ID !=#{sId,jdbcType=DECIMAL}
                        and DEP_ID = #{sDepId,jdbcType=DECIMAL}
                        and PLAN_DATE <![CDATA[>]]> DATE_FORMAT(create_time,'%Y%-%m%-%d% 00:00:00')
                        and PLAN_DATE <![CDATA[>=]]> #{sBeginTime,jdbcType=TIMESTAMP}
                        and PLAN_DATE <![CDATA[<=]]> #{sEndTime,jdbcType=TIMESTAMP}
                    </if>
                </if>
            </if>
        </if>
    </update>
    <!--查询需要删除的ID-->
    <select id="queryNeedDelInfoId" resultType="java.lang.Long"
            parameterType="com.lemall.brd.bpo.query.SchedulingInfoQuery">
        <if test="sId != null and sId !=''">
            <if test="sDepId != null and sDepId !=''">
                SELECT si.id FROM b_scheduling_info si,
                (SELECT DISTINCT `PLAN_DATE` FROM b_scheduling_detail WHERE `S_ID` = #{sId,jdbcType=DECIMAL}) t
                WHERE si.yn = 1
                AND si.`DEP_ID` = #{sDepId,jdbcType=DECIMAL}
                AND si.`PLAN_DATE` = t.`PLAN_DATE`
                AND si.`PLAN_DATE` > DATE_FORMAT(#{createTime,jdbcType=TIMESTAMP}, '%Y%-%m%-%d% 00:00:00')
                AND si.`S_ID` <![CDATA[<]]>#{sId,jdbcType=DECIMAL}
            </if>
        </if>

    </select>
    <!-- 依据用户ID集合批量删除信息 -->
    <update id="deleteInfoBySiIds" parameterType="java.util.List">
        <if test="_parameter != null and _parameter !=''">
            update b_scheduling_info set yn = 0,UPDATE_TIME = now()
            where yn=1 AND id in
            <foreach item="item" index="index" collection="list" open="(" separator="," close=")">
                #{item}
            </foreach>
        </if>
    </update>


    <!-- 标记删除排班信息,不删除本次刚刚导入的,删除以前导入的，并且大于今天的业务,按照部门和日期、业务线进行删除 -->
    <update id="deletesByDeptAndDate" parameterType="com.lemall.brd.bpo.query.SchedulingInfoQuery">
        <if test="sId != null and sId !=''">
            <if test="sDepId != null and sDepId !=''">
                UPDATE b_scheduling_info
                set yn=0,
                <if test="updateUser != null and updateUser != ''">
                    UPDATE_USER = #{updateUser,jdbcType=VARCHAR},
                </if>
                UPDATE_TIME = now()
                WHERE id IN (
                SELECT ID FROM (
                SELECT si.id FROM b_scheduling_info si,
                (SELECT DISTINCT `PLAN_DATE` FROM b_scheduling_detail
                WHERE `S_ID` = #{sId,jdbcType=DECIMAL}) t
                WHERE
                si.yn=1
                AND si.`DEP_ID` = #{sDepId,jdbcType=DECIMAL}
                <if test="busId != null">
                AND si.`BUS_ID` = #{busId,jdbcType=DECIMAL}
                </if>
                AND si.`PLAN_DATE` = t.`PLAN_DATE`
                AND si.`PLAN_DATE` > DATE_FORMAT(#{createTime,jdbcType=TIMESTAMP},'%Y%-%m%-%d% 00:00:00')
                AND si.`S_ID` <![CDATA[<]]> #{sId,jdbcType=DECIMAL})TEMP)
            </if>
        </if>
    </update>
</mapper>