<?xml version="1.0" encoding="UTF-8" ?>
<!DOCTYPE mapper PUBLIC "-//mybatis.org//DTD Mapper 3.0//EN" "http://mybatis.org/dtd/mybatis-3-mapper.dtd" >

<mapper namespace="com.lemall.brd.bpo.dao.ScheduleMapper">
    <resultMap id="ScheduleMap" type="com.lemall.brd.bpo.model.Schedule">
        <result column="ID" property="id" jdbcType="DECIMAL"/>
        <result column="DEP_ID" property="depId" jdbcType="DECIMAL"/>
        <result column="BUS_ID" property="busId" jdbcType="DECIMAL"/>
        <result column="BEGIN_TIME" property="beginTime" jdbcType="TIMESTAMP"/>
        <result column="END_TIME" property="endTime" jdbcType="TIMESTAMP"/>
        <result column="CREATE_TIME" property="createTime" jdbcType="TIMESTAMP"/>
        <result column="CREATE_USER" property="createUser" jdbcType="VARCHAR"/>
        <result column="UPDATE_TIME" property="updateTime" jdbcType="TIMESTAMP"/>
        <result column="UPDATE_USER" property="updateUser" jdbcType="VARCHAR"/>
    </resultMap>

    <!-- 总班表导入记录全量信息 -->
    <sql id="scheduleColumns">
    	ID, DEP_ID,BUS_ID, BEGIN_TIME, END_TIME, CREATE_USER, CREATE_TIME, UPDATE_USER, UPDATE_TIME, YN
    </sql>
    <sql id="scheduleSPColumns">
    	s.ID, s.DEP_ID,s.BUS_ID, s.BEGIN_TIME, s.END_TIME, s.CREATE_USER, s.CREATE_TIME, s.UPDATE_USER, s.UPDATE_TIME, s.YN,
    	d.ID as DEP_ID,d.NAME as DEP_NAME,d.PARENT_ID AS DEP_PARENT_ID,d.PERSON_CHARGE as DEP_PERSON_CHARGE
    </sql>
    <!-- 总班表导入记录部分信息 -->
    <sql id="schedulePartColumns">
    	DEP_ID,BUS_ID, BEGIN_TIME, END_TIME,CREATE_USER, CREATE_TIME, UPDATE_USER, UPDATE_TIME, YN
    </sql>
    <!-- 根据主键获取对象信息 -->
    <select id="getScheduleById" resultMap="ScheduleMap" parameterType="java.lang.Long">
        <if test="_parameter != null">
            select
            <include refid="scheduleColumns"/>
            from b_scheduling
            where id = #{_parameter}
        </if>
    </select>
</mapper>