<?xml version="1.0" encoding="UTF-8" ?>
<!DOCTYPE mapper PUBLIC "-//mybatis.org//DTD Mapper 3.0//EN" "http://mybatis.org/dtd/mybatis-3-mapper.dtd" >

<mapper namespace="com.lemall.brd.bpo.dao.UserRoleMapper">

    <resultMap id="UserRoleMap" type="com.lemall.brd.bpo.model.UserRole">
    	<result column="ID" property="id" jdbcType="DECIMAL"/>
    	<result column="U_ID" property="userId" jdbcType="DECIMAL"/>
    	<result column="R_ID" property="roleId" jdbcType="DECIMAL"/>
    	<result column="REMARK" property="remark" jdbcType="VARCHAR"/>
    	<result column="CREATE_TIME" property="createTime" jdbcType="TIMESTAMP"/>
    	<result column="CREATE_USER" property="createUser" jdbcType="VARCHAR"/>
    	<result column="UPDATE_TIME" property="updateTime" jdbcType="TIMESTAMP"/>
    	<result column="UPDATE_USER" property="updateUser" jdbcType="VARCHAR"/>
    	<result column="YN" property="yn" jdbcType="DECIMAL"/>
    </resultMap>
    
    <sql id="userRoleColumns">
    	ID,U_ID,R_ID,REMARK,CREATE_TIME,CREATE_USER,UPDATE_TIME,UPDATE_USER,YN
    </sql>




    <!-- 根据主键获取对象信息 -->
    <select id="getUserRoleById" resultMap="UserRoleMap" parameterType="java.lang.Long">
        <if test="_parameter != null">
            select <include refid="userRoleColumns"/> from b_user_role
            where id = #{_parameter}
        </if>
    </select>

    <!-- 根据查询Bean获取数据集合，不带翻页 -->
    <select id="queryUserRoleList"
            parameterType="com.lemall.brd.bpo.query.UserRoleQuery" resultType="java.lang.Long">
        select DISTINCT R_ID from b_user_role where <include refid="queryUserRoleListWhere"/>
    </select>


    <!-- 常用的查询Where条件 -->
    <sql id="queryUserRoleListWhere">
    	yn = 1
        <if test="userId != null">
           	and U_ID = #{userId,jdbcType=DECIMAL}
        </if>
        <if test="roleId != null">
           	and R_ID = #{roleId,jdbcType=DECIMAL}
        </if>
        <if test="createUser != null and createUser != ''">
            and CREATE_USER like concat('%',#{createUser,jdbcType=VARCHAR},'%')
        </if>
        <if test="updateUser != null and updateUser != ''">
            and UPDATE_USER like concat('%',#{updateUser,jdbcType=VARCHAR},'%')
        </if>
        <if test="remark != null and remark != ''">
            and REMARK like concat('%',#{remark,jdbcType=VARCHAR},'%')
        </if>
        <if test="startTime != null and startTime != ''">
            and create_time <![CDATA[>=]]> str_to_date(#{startTime},'%Y-%m-%d %H:%i:%s')
        </if>
        <if test="endTime != null and endTime != ''">
            and create_time<![CDATA[<=]]> str_to_date(#{endTime},'%Y-%m-%d %H:%i:%s')
        </if>
        <if test="userIds != null and userIds !=''">
           	and U_ID in
           	<foreach item="uid" index="index" collection="userIds" open="(" separator="," close=")">

              #{uid}

           </foreach>
        </if>
    </sql>
</mapper>